Segment,BLEU,Source,Reference,Hypothesis
0,52.36,오늘 상무님 스케줄 알려줘.,请告诉我常务今天的日程安排。,告诉我今天常务的日程安排。
1,46.71,그리고 색상도 바꿀 수 있어요.,您也可以改变颜色。,而且颜色也可以改变。
2,43.17,"좋아요, 그럼 시작해봅시다.","好的,我们开始吧。","好的,那就开始吧。"
3,9.24,외국인 직원의 정규 고용은 가능합니다.,可以定期雇用外国员工。,外国职员的正规雇佣是可以的。
4,69.98,시장이랑 종합 쇼핑몰 좋아하세요?,你喜欢市场和购物中心吗?,你喜欢市场和综合购物中心吗?
5,78.25,요즘 유행하는 엠지 단어 알려줘.,告诉我最近流行的MG单词。,告诉我最近流行的M.G单词。
6,9.67,마이크로소프트 업데이트를 하려면 어떻게 해야 돼?,如何获取微软更新?,"如果想更新微软,该怎么办?"
7,53.21,"기본적으로, 근무 시간은 동일합니다.","基本上,工作时间都是一样的。","基本上,工作时间相同。"
8,42.57,호텔 이용객이라면 누구나 사용이 가능합니다.,任何住在酒店的人都可以使用它。,只要是酒店的客人都可以使用。
9,100.00,우리 회사는 글로벌 진출을 계획 중이다.,我们公司正在计划进军全球市场。,我们公司正在计划进军全球市场。
10,29.06,회사에서 교통비 전액을 지원해 드립니다.,公司会提供全额的交通费。,公司全额支援交通费。
11,32.47,와 나무로 작업을 하시는구나.,"哇,你用木头做事。","哇,用木头做作业啊。"
12,18.05,전기차 중에 아이오닉 전기차가 유명해?,"在电动汽车中,IONIQ电动汽车有名吗?",电动车中艾尼氪电动车很有名吗?
13,47.23,하이브리드랑 전기차가 같은 뜻인가?,混合动力汽车和电动汽车是同一种东西吗?,混合动力和电动汽车是同样的意思吗?
14,49.74,현재의 복리후생 혜택은 지속적으로 유지될 예정입니다.,现行福利待遇将继续维持。,现在的福利待遇将持续维持。
15,54.36,전기차랑 하이브리드 차의 차이점을 알려줘.,告诉我电动汽车和混合动力汽车之间的区别。,告诉我电动车和混合动力车的区别。
16,49.01,클라우드 기반의 앱의 장점은 무엇인가요?,基于云的应用程序有哪些好处?,基于云的应用程序的优点是什么?
17,100.00,데이터베이스와 데이터 아키텍트의 정의를 알려줘.,告诉我数据库和数据架构的定义。,告诉我数据库和数据架构的定义。
18,57.08,그리고 특정 브랜드에 대한 선호도가 있나요?,还有对特定品牌的喜好度吗?,还有对特定品牌有喜好吗?
19,25.67,각각의 돌은 고유한 특성을 가지고 있어요.,每块石头都有其独特的属性。,每个石头都有固有的特性。
20,62.96,국제시장에 아주 유명한 가게가 있어요.,国际市场里有一家非常有名的商店。,国际市场有一家非常有名的店铺。
21,44.13,부산에 오면 해산물을 먹어야죠.,"来到釜山,一定要吃海鲜。",来到釜山就要吃海鲜了。
22,80.52,알파벳과 구글의 관계에 대해서 설명해줘.,请说明一下字母表和谷歌的关系。,请说明一下字母和谷歌的关系。
23,100.00,일본 도요타 회사에서 나오는 전기차가 무엇인지 알려줘.,告诉我日本丰田公司生产的电动汽车是什么。,告诉我日本丰田公司生产的电动汽车是什么。
24,10.46,지금 엔비디아 주가에 대해서 알려주세요.,请告诉我目前Nvidia的股票价格。,告诉我现在英伟达的股价。
25,33.12,로제의 신곡 아파트 가사 좀 알려줄래?,能告诉我ROSÉ新曲公寓的歌词吗?,能告诉我罗杰的新歌公寓歌词吗?
26,22.88,정직원 전환 절차는 일반적으로 다음과 같습니다.,转为全职员工的流程一般如下:,正式职员转换程序一般如下。
27,100.00,저희 학교에서 함께 일하게 되면 좋겠습니다.,希望能在我们学校一起工作。,希望能在我们学校一起工作。
28,70.17,이게 바로 지금 제가 하고 있는 작업입니다.,这就是我现在的工作。,这就是我现在做的工作。
29,100.00,저는 이 학교에서 경영학을 공부하고 있습니다.,我在这所学校学习经营学。,我在这所学校学习经营学。
30,27.90,혹시 여행자 보험 가입돼 있으세요?,您有旅行保险吗?,你投保了旅行者保险吗?
31,100.00,스탠다드가 가장 기본적인 객실이에요.,标准是最基本的客房。,标准是最基本的客房。
32,100.00,유럽에 진출한 해외 글로벌 기업 좀 알려줘.,告诉我进军欧洲的海外跨国企业。,告诉我进军欧洲的海外跨国企业。
33,81.76,혹시 선호하시는 디자인이 특별히 있으신가요?,你有特别喜欢的设计吗?,你特别喜欢的设计吗?
34,81.49,그리고 경쟁사와 차별화된 점은 무엇인가요?,"还有,与竞争公司有什么区别?",还有与竞争公司有什么区别?
35,71.73,최대한 빠르게 양질의 서비스를 제공하려 노력하고 있습니다.,我们正在努力尽快提供优质的服务。,正在尽最大努力尽快提供优质的服务。
36,13.79,여기 오셨다니 잘 선택하셨네요.,您来这里是一个很好的选择。,"你来这里了吗,我选好了。"
37,100.00,어플리케이션을 업데이트하는 시간은 얼마나 소요될까요?,更新应用程序需要多长时间?,更新应用程序需要多长时间?
38,68.06,플레이스테이션의 세일은 언제 하나요?,PlayStation 什么时候打折?,PlayStation的打折是什么时候?
39,37.42,글로벌 마켓 시장에서 네이티브 스피커의 장점을 알려줘.,请告诉我母语人士在全球市场上的优势。,告诉我在全球市场上本地扬声器的优点。
40,46.48,이제 우리는 조각 작업을 시작할 거에요.,现在我们将开始创作这件作品。,现在我们将开始雕刻工作。
41,81.54,원하시는 언어로 진행되는 수업을 선택할 수 있어요.,可以选择您想要的语言进行的课程。,可以选择用想要的语言进行的课程。
42,69.89,혹시 어떤 주제로 시작하고 싶으신가요?,您想以什么主题开始呢?,你想以什么主题开始吗?
43,39.57,오늘 디지털 아트의 기초를 배울 것입니다.,今天我们将学习数字艺术的基础知识。,今天将学习数码艺术的基础。
44,71.91,먼저 디지털 아트 수업에 참석해 주셔서 감사합니다.,首先感谢您参加数字艺术课程。,感谢您先参加数字艺术课程。
45,43.67,롯데월드 타워도 꼭 방문해보세요.,一定要去乐天世界塔看看。,请一定要访问乐天世界塔。
46,67.81,시장은 확실히 활기가 있어서 좋구요.,"市场确实有活力,所以很好。","市场确实有活力,很好。"
47,37.07,네. 해운대까지 모셔 드리겠습니다.,好的。我送你到海云台。,"好的,我会请你到海云台的。"
48,12.40,이 에어라인은 홈페이지에서 예약을 지원합니다.,该航空公司支持在其网站上进行预订。,该Airline在网站上支持预约。
49,84.92,인도네시아 수도 자카르타 여행 정보 좀 알려줘.,告诉我印度尼西亚首都雅加达的旅行信息。,告诉我印度尼西亚首都雅加达的旅游信息。
50,100.00,효율적인 트래픽 관리를 위해 라우팅 알고리즘을 도입했다.,"为了有效管理流量,引进了路由算法。","为了有效管理流量,引进了路由算法。"
51,66.69,죄송하지만 아기를 위한 메뉴는 없습니다.,"对不起,没有为孩子准备的菜单。","很抱歉,但没有为孩子准备的菜单。"
52,8.55,다음 주에 계약서 관련하여 다시 연락 드리겠습니다.,我将于下周就合同事宜回复您。,下周会再次联系有关合同的。
53,14.45,"와, 저도 이렇게 또 배우게 되네요","哇,我又学到了类似的东西","哇,我也这么学了。"
54,100.00,시간 내에 받은 주문만 서비스 제공이 가능합니다.,只有在规定时间内收到的订单才能提供服务。,只有在规定时间内收到的订单才能提供服务。
55,88.84,트럼프와 머스크는 어떤 관련이 있는지 알아?,你知道特朗普和马斯克有什么关系吗?,你知道特朗普和马斯克有什么关系?
56,62.47,그럼 이곳에 필요한 도구와 색상을 준비할까요?,那么这里需要的工具和颜色我们要准备吗?,那么要准备这里需要的工具和颜色吗?
57,7.47,"네, 여기 안내 지도를 드릴게요.","是的,这是给您的导游图。","好的,我在这里给你介绍指导。"
58,47.09,제안서 작성 전에 메모로 정리해 줄래?,写提案书之前能帮我整理一下笔记吗?,能在写提案书之前用便条整理一下吗?
59,21.99,조사한 데이터를 바탕으로 우리 부서의 문제점을 파악해줘.,"根据您收集的数据,找出我们部门存在的问题。","以调查的数据为基础,掌握我们部门的问题点。"
60,13.46,그렇게 생각하니 투자의 가치가 있는 작업이네요.,"当我这样想时,这似乎是一项值得的投资。","那样想,这是一项有投资价值的工作。"
61,5.45,나는 요즘 노션을 이용해서 회의록을 작성하고 있어.,这几天在用Notion写会议纪要。,我最近用笔记本制作会议记录。
62,22.38,마이크로소프트 업데이트하고 싶은데 어떻게 하면 되는지 알려줄래?,"我想更新 Microsoft,您能告诉我该怎么做吗?","我想更新微软,能告诉我怎样做吗?"
63,59.09,파이썬 코드를 공부하는 법에 관련된 책이 있을까?,有没有关于如何学习 Python 代码的书籍?,有一本关于学习Python代码的书吗?
64,52.54,저는 주로 풍경 그림을 그리는 편이에요.,我主要画风景画。,我主要是在画风景画。
65,9.78,전통과 현대를 조화롭게 표현하고 있네요.,它和谐地表达了传统与现代。,用传统和现代和谐的方式来表现。
66,26.52,통역사를 동원한다는 것은 추가적인 비용이 발생하게 됩니다.,聘请翻译将产生额外费用。,动员翻译人员会产生额外的费用。
67,24.60,미팅 일정을 다시 디벨롭 해서 정리해줘.,请重新制定并安排会议日程。,"请重新调试会议日程,整理一下。"
68,11.02,홍보팀에서의 업무 내용은 어떻게 되나요?,宣传部的工作内容是什么?,宣传组的业务内容怎么样?
69,28.04,회사의 국제적인 비즈니스 확장에 대해 어떻게 생각하나요?,您如何看待公司的国际业务拓展?,你对公司的国际商务扩张有何看法?
70,16.94,"예를 들면, 부장님의 의견도 매우 중요하게 생각합니다.","比如,我也非常重视经理的意见。","例如,我认为部长的意见也很重要。"
71,57.58,어쿠스틱 음악들 플레이리스트 만들어줘.,制作一个原声音乐播放列表。,给我制作原声音乐播放列表吧。
72,12.87,원 밀리언 달러는 현재 환율이 어떻게 돼?,一百万美元的当前汇率是多少?,韩元兑米利安美元的汇率怎么样?
73,100.00,난징에 있는 박물관에 갔다 왔어?,你去过南京的博物馆吗?,你去过南京的博物馆吗?
74,23.45,발리에서 수영하기 가장 좋은 명소를 알려줘.,告诉我巴厘岛最适合游泳的地方。,告诉我在巴厘岛游泳的最佳景点。
75,26.22,케이피아이를 쿼터별로 설정하는 방법을 알려줘.,请告诉我如何按季度设置KPI。,告诉我如何将Kpi设置为每个配额。
76,83.46,이번 연도 유니콘 기업들의 최대 실적 성과들을 알려줘.,告诉我今年独角兽企业的最大业绩表现。,告诉我今年独角兽企业的最大业绩。
77,74.06,실적이 좋은 회사의 스톡 옵션을 구입했어.,我购买了业绩好的公司的股票期权。,购买了业绩好的公司的股票选项。
78,6.14,이제 그림을 좀 더 디테일하게 만들어볼까요?,"现在,让我们将图片变得更加详细一些。",现在要把画做得更细致吗?
79,77.78,가능하다면 미리 전화로 예약하시는 게 좋아요.,"如果可能的话,最好提前电话预约。","如果可能的话,最好提前通过电话预约。"
80,90.36,우선 경복궁역에서 지하철을 타세요.,首先在景福宫站坐地铁吧,首先在景福宫站坐地铁吧。
81,19.62,제주 민속공예품도 한번 구경해보세요.,也一定要看看济州岛的民间工艺品。,请参观一下济州民俗工艺品。
82,68.53,구글은 클라우드 서비스를 무료로 제공하고 있다는데 사실이야?,"听说谷歌免费提供云服务,是真的吗?","听说谷歌免费提供云服务,这是事实吗?"
83,32.59,디비 엔진이 다양한 데이터 모델러가 뭐가 있을까?,DB引擎有哪些不同的数据建模器?,DB引擎有什么样的数据模型?
84,74.48,연락처는 별도로 메일로 전달드리도록 하겠습니다.,联系方式会另外用邮件传达给您。,联系方式会另外通过邮件传达给您。
85,80.52,중복되는 메뉴도 있고 다른 메뉴도 있습니다.,"有重复的菜单,也有其他的菜单。","有重复的菜单,也有其他菜单。"
86,20.80,그래야 제가 적합한 제품을 추천해 드릴 수 있어서요.,"这样,我就可以为您推荐合适的产品。",这样才能推荐适合我的产品。
87,46.83,"아 그러시구나, 정말 반갑습니다.","啊,原来如此,很高兴认识你。","啊,原来如此啊,真的很高兴。"
88,16.72,강남에도 늦게까지 하는 상점이 많아요.,江南区有很多营业至很晚的商店。,江南也有很多商店进行到很晚。
89,36.96,호텔이나 가이드 관련해서 요구사항 있으실까요?,您对酒店或导游有什么要求吗?,你对酒店或指南有要求吗?
90,14.25,상대방을 가스라이팅한다는 의미는 뭐야?,对某人施以煤气灯是什么意思?,对对方进行煤气照明的意思是什么?
91,89.16,하노이를 여행하려고 하는데 괜찮은 호텔을 알려줘.,"我想去河内旅行,告诉我不错的酒店。","我想去河内旅行,告诉我不错的酒店吧。"
92,86.81,구글에서 이용할 수 있는 클라우드 서비스가 있다면 알려줘.,"如果有可以在谷歌上使用的云服务,请告诉我。","如果有可以在谷歌使用的云服务,请告诉我。"
93,7.25,네. 남은 여행도 무사히 즐기시길요.,好的。我希望您接下来的旅程能够愉快。,"是的,希望剩下的旅行也能平安享受。"
94,73.32,와이탄에서 볼 만한 관광지를 추천해줄래?,能推荐一下外滩值得一看的旅游景点吗?,能推荐一下在怀坦值得一看的旅游景点吗?
95,17.54,성과는 높고 일은 쉬운 그런 유니콘 기업 없을까?,"有没有业绩优秀,又容易合作的独角兽公司?",没有那种成果高、工作容易的独角兽企业吗?
96,59.40,와이파이 없이 통신을 원활하게 하는 방법이 있는지 알려주세요.,告诉我有没有在没有Wi-Fi的情况下使通信顺畅的方法。,告诉我有没有无需Wi-Fi就能使通信顺畅的方法。
97,100.00,"아 그러셨구나, 진짜 잘 오셨습니다.","啊,原来是这样啊,真的来得很好。","啊,原来是这样啊,真的来得很好。"
98,48.07,그럼 이렇게 조화롭게 결합하는 것이 좋아 보이네요.,"嗯,这样和谐地结合起来看起来会很好。",那么这样和谐地结合在一起看起来很好。
99,19.85,새로운 디자인을 만들었을 때 특허를 신청하는 방법을 알려줘.,"当我创造一个新的设计时,请告诉我如何申请专利。",告诉我制作新设计时申请专利的方法。
100,31.64,에이아이 챗봇 미드저니 사용 방법을 알려줄래?,你能告诉我如何使用 AI聊天机器人 Midjourney 吗?,能告诉我AI聊天机器人中低音使用方法吗?
101,67.03,가스라이팅의 의미에 대해서 알려줄 수 있을까?,能告诉我煤气灯的意义吗?,能告诉我煤气照明的意义吗?
102,34.99,테무와 알리의 다른 점은 무엇인가요?,泰穆和阿里有什么不同?,泰穆和阿里的不同之处是什么?
103,72.98,베트남 호치민이라는 도시는 여행하기에 어때?,越南胡志明这个城市旅行怎么样?,越南胡志明这个城市怎么样?
104,78.25,에이 기업은 어떤 부분에서 가장 자부심을 가지고 있나요?,A企业在哪些方面最有自豪感?,A企业在哪个方面最有自豪感?
105,35.32,외국에서의 예술과 문화는 어땠나요?,国外的艺术和文化是什么样的?,在国外艺术和文化怎么样?
106,39.73,어떤 이야기를 이 작품으로 전달하고 싶으셨나요?,您想通过这部作品传达一个什么样的故事?,想用这部作品讲述什么样的故事吗?
107,72.42,크리스마스엔 혼자서 촌캉스에 도전해볼까 해.,圣诞节打算一个人挑战乡村度假。,圣诞节我想一个人挑战乡村度假。
108,58.20,보통 헤드헌터는 연봉이 어느 정도 되니?,一般猎头公司的年薪是多少?,一般猎头年薪是多少?
109,80.32,다양한 데이터베이스를 통해 데이터 아키텍트를 쌓아가는 곳을 알려줘.,告诉我通过多种数据库建立数据架构的地方。,告诉我通过多种数据库积累数据架构的地方。
110,47.02,나는 우리 회사의 프로젝트를 비딩할 준비가 됐어.,我准备对我们公司的项目进行投标。,我准备好了我们公司的项目。
111,58.19,그런데 이 부분은 어떤 붓을 사용해서 그린거야?,但是这个部分是用什么毛笔画的?,但是这部分是用什么笔画的?
112,54.52,제 영감은 서울 주변의 아름다운 장면들이에요.,我的灵感来自首尔周围的美丽风景。,我的灵感是首尔周围的美丽场面。
113,35.64,그럼 돼지국밥도 꼭 드셔보세요.,"那么,你一定要吃猪肉汤饭。",那一定要吃猪汤饭吧。
114,56.77,비비씨가 어느 나라 방송국이라고 했지?,BBC是哪个国家的电视台来着?,听说BB先生是哪个国家的电视台?
115,71.60,쓰촨의 명소와 음식이 맛있는 맛집을 알려줘.,告诉我四川的名胜和美食美食店。,告诉我四川的名胜和美食好吃的美食店。
116,100.00,미쉐린 가이드에서 선정한 맛집에는 스타 셰프가 있어.,米其林指南选定的美食店有明星厨师。,米其林指南选定的美食店有明星厨师。
117,41.66,원하시는 시간대와 요일에 따라 다를 수 있어요.,根据您想要的时间段和星期几会有所不同。,"根据自己想要的时间和星期的不同,可能会有所不同。"
118,79.41,여러 레이어를 조립하여 복잡한 장면을 만들 수 있습니다.,您可以通过组合多个层来创建复杂的场景。,可以通过组装多个层来创建复杂的场景。
119,54.90,이 작품은 전통과 현대의 조화를 아름답게 보여주고 있어요.,这件作品完美地展现了传统与现代的和谐。,这部作品美丽地展现了传统和现代的和谐。
120,38.39,정상에서 바라보는 풍경은 정말로 마법 같아요.,从山顶看到的风景真的像魔法一样。,在山顶上看到的风景真是魔法。
121,77.78,특히 날씨가 맑은 날에는 동해까지 보이기도 해요.,"特别是天气晴朗的时候,还能看到东海。","特别是天气晴朗的时候,可以看到东海。"
122,31.67,제미니 어플 가장 최신 버전은 언제 나왔니?,Gemini 应用程序的最新版本何时发布?,Zemini软件最新版本什么时候上市?
123,27.23,호텔 조식으로 스크램블 말고 또 뭐가 나와?,酒店早餐除了炒鸡蛋还供应什么?,酒店的早餐除了加扰外还有什么?
124,55.27,글로벌 컴퓨팅 플랫폼 중 대표적인 기업 다섯가지를 알려줘.,告诉我全球计算平台中的五家代表性企业。,告诉我全球计算平台中有五个具有代表性的企业。
125,48.49,쇼핑몰 웹디자이너는 보통 어떤 편집 프로그램을 써?,商场网页设计师一般用什么编辑程序?,购物中心的网站设计师一般用什么样的编辑程序?
126,41.55,웨이신은 텐센트가 개발한 소셜 커뮤니케이션 플랫폼이야.,微信是腾讯开发的社交通讯平台。,Wayshin是腾讯开发的社交交流平台。
127,48.52,"혹시, 연구개발팀과의 협업 기회도 많나요?",请问与研发团队合作的机会多吗?,你有机会与研发团队合作吗?
128,7.96,미서부 여행으로 그랜드 캐니언이 유명해?,大峡谷是美国西部著名的旅游胜地吗?,去美西部旅行的大加拿大很有名吗?
129,17.89,저희도 함께 작업하고 새로운 기술과 기법을 배우고 있어요.,我们还在一起工作并学习新技术和新技巧。,"我们也在一起制作,正在学习新的技术和技法。"
130,66.96,에이아이 어시스턴트 재미나이가 무슨 뜻인지 말해줘.,告诉我AI Assistant GEMINI是什么意思。,告诉我AI Assistant Jamy Nai是什么意思。
131,23.93,상무님 스케줄 확인해서 달력에 표시해줄래?,能确认常务的日程后在日历上标记一下吗?,常务能确认日程表现在日历上吗?
132,53.09,내가 올려주는 데이터를 분석해서 결과를 알려줄 수 있어?,您能分析我上传的数据并告诉我结果吗?,"你可以分析我上传的数据,告诉你结果吗?"
133,26.70,해킹에 취약한 클라우드 환경의 주요 특징이 뭔지 좀 알려줘.,告诉我一些容易受到黑客攻击的云环境的关键特征。,告诉我容易被黑客入侵的云环境的主要特征是什么。
134,40.88,트렌드는 어떤 걸 기준 지표로 삼아서 만드는 거야?,趋势是以什么作为基准指标来打造的?,趋势是以什么为标准指标制作的?
135,14.23,저는 유니콘 기업에 취직해서 좋은 성과를 내고 싶습니다.,我想在一家独角兽公司工作并取得优异的成绩。,"我想就职于独角兽企业,取得好成绩。"
136,33.08,팀 본딩은 팀플과 다른 의미가 있는 거야?,团队凝聚力与团队合作的含义不同吗?,团队结合与团队结合的意义不同吗?
137,83.18,구글 크롬 브라우저를 쓰려면 확장 프로그램이 필요할까?,使用谷歌Chrome浏览器需要扩展程序吗?,"要使用谷歌Chrome浏览器,需要扩展程序吗?"
138,10.88,"네, 이렇게 함께 해주신다니 정말 영광입니다.","好的,我们非常荣幸您能加入我们。","好的,能这样在一起,真是光荣。"
139,24.04,모든 활동과 식사 포함하여 일인당 팔십만원입니다.,"每人费用为八十万韩元,包括所有活动和餐饮。","包括所有的活动和饮食在内,每人80万韩元。"
140,16.60,엔비디아의 주가가 수직 상승한 이유가 뭔지 알려줄 수 있어?,你能告诉我为什么Nvidia的股价会飙升吗?,能告诉我英伟达股价直线上涨的原因是什么吗?
141,18.17,힙스터들이 많이 가는 맛집 추천해줄 수 있어?,您能推荐一家很多潮人都会去的餐厅吗?,能推荐一下嘻哈歌手经常去的美食店吗?
142,60.39,스타트업 창업을 생각 중인데 팀빌딩 피드백을 받고 싶어.,"我在考虑创业,但我想得到团队建设的反馈。","我正在考虑创业,我想得到团队大厦的反馈。"
143,45.55,어쿠스틱 장르의 노래를 플레이리스트로 만들어줄래?,你能制作一个原声音乐类型的歌曲播放列表吗?,能把原声类型的歌曲制作成播放列表吗?
144,17.55,이번 자라 디자이너 중에 명품 회사에서 일했던 사람 있어?,有没有曾在奢侈品公司工作过的 Zara 设计师?,这次长大的设计师中有在名牌公司工作的人吗?
145,45.36,파이브가이즈에서 판매하는 쉐이크의 가격을 알려줄래?,你能告诉我 Five Guys 出售的奶昔的价格吗?,能告诉我Five Easy销售的Shake的价格吗?
146,11.65,모바일로 비행기 체크인하려고 하는데 좌석 지정할 수 있어?,我正在尝试通过手机办理登机手续。我可以选择座位吗?,"我想用手机确认飞机,你能指定座位吗?"
147,40.94,미드저니를 사용해보고 싶은데 기본적인 사용 방법을 알려줘.,"我想尝试一下Midjourney,请告诉我基本的使用方法。","我想用中低音,请告诉我基本的使用方法。"
148,46.43,간단한 프로그램을 하나 만들고 싶은데 파이썬 코드를 짜줄래?,我想创建一个简单的程序。你能为我写一些 Python 代码吗?,"我想制作一个简单的软件,能帮我编好Python代码吗?"
149,51.03,글로벌 시장에 진출하기 위해 필요한 주요 요소들을 알려주세요.,请告诉我进入全球市场所需的关键要素。,告诉我进军全球市场所需的主要因素。
150,44.82,중국에서 사업을 할 때에 꽌시가 어느 정도 필요할까?,在中国做生意需要多少关系?,在中国做生意的时候需要多少联系呢?
151,81.97,그래서 원하시는 난이도에 맞게 선택하시면 좋아요.,所以根据您想要的难度选择比较好。,所以根据想要的难度选择比较好。
152,50.82,월 이십만 원의 지방근무 수당이 지급됩니다.,每月发放二十万韩元的当地工作津贴。,每月将支付二十万韩元的地方工作津贴。
153,37.60,현재 마사지는 사일 월요일로 예약되어 있습니다.,现在按摩预订在四号星期一。,现在按摩场预约在周日星期一。
154,47.60,방금 다운받은 어플리케이션에 업데이트가 끝나지 않아요.,我刚刚下载的应用程序无法完成更新。,刚下载的应用程序还没有更新完毕。
155,50.44,새로운 디자인을 만들어 특허를 받으려면 어떻게 해야 되나요?,如何制作新的设计并获得专利?,要制造新的设计并获得专利该怎么办?
156,100.00,검색 속도는 빅데이터 검색 엔진의 성능에 따라 달라진다고 들었는데.,听说搜索速度取决于大数据搜索引擎的性能。,听说搜索速度取决于大数据搜索引擎的性能。
157,41.41,오늘 수업에서는 어떤 주제로 시작하길 원하시나요?,今天你想以什么主题开始上课?,希望在今天的课堂上以什么主题开始?
158,20.97,재계약 협의 시에 그 부분도 포함해서 논의해보겠습니다.,我们也会在续约谈判期间讨论这一部分。,"在续约协议时,将包括这一部分进行讨论。"
159,80.65,그리고 연속 수강 시 혜택에 대해서도 알려드릴게요.,我还会告诉你连续听课时的优惠。,还有我告诉你连续听课时的优惠。
160,54.24,중국 난징에 있는 박물관을 한번 가보고 싶어.,我想去中国南京的博物馆看看。,我想去一趟位于中国南京的博物馆。
161,32.64,케이피아이 수립은 헤드쿼터에서 하는 업무야?,建立KPI是总部的事情吗?,建立KPI是在头配额上做的工作吗?
162,23.42,트래픽을 좀 줄이는 방식으로 이 알고리즘을 변형하려면 어떻게 해야 될까?,我们如何修改该算法以减少流量呢?,"如果想以减少流量的方式改变该算法,该怎么办?"
163,47.98,클라이언트가 요구한 물량이 가격이랑 맞지 않으면 어떻게 해야 돼?,如果客户要求的数量与价格不符怎么办?,"如果客户要求的货量不符合价格,该怎么办?"
164,74.48,오늘 피피티로 자기소개 자료를 만들었어.,今天用PPT做了自我介绍资料。,今天用PPT制作了自我介绍资料。
165,26.64,이 그림은 정말로 감정과 느낌을 잘 담아냈네요.,这幅画确实很好地捕捉到了情感和感觉。,这幅画真的很好地表现了感情和感觉。
166,60.05,난징에 있는 박물관을 같이 관람하러 갈래?,你想一起去南京的博物馆参观吗?,要一起去南京的博物馆看看吗?
167,35.56,현재 진행되고 있는 데이터 분석가 채용 공고 알려줄 수 있어?,您能告诉我目前数据分析师的职位空缺吗?,能告诉我目前正在进行的数据分析家招聘公告吗?
168,13.84,저장한 파일을 볼 수 있는 디렉토리는 무엇인지 알려줘.,告诉我在哪个目录中可以看到我保存的文件。,告诉我可以查看保存文件的目录是什么。
169,70.86,내일 회의 아젠다를 업데이트해야 되는데 어떻게 해야 될까?,"明天要更新会议议程,该怎么办?","明天要更新会议的议程,该怎么办呢?"
170,69.94,데이터 모델러와 디비 엔진은 어떨 때 사용하는 거지?,何时使用数据建模器和 DB 引擎?,数据建模器和DB引擎如何使用?
171,39.81,유튜브에서 운영하는 에이에스엠알 채널은 몇 개가 있을까?,YouTube 上有多少个 ASMR 频道?,在油管上运营的ASMR频道有多少个?
172,76.25,엠비티아이 잇프제의 특성에 대해서 설명해 주세요.,请说明一下MBTI ItFZ的特性。,请说明一下MBTI Itje的特性。
173,76.26,베트남 다낭과 같은 항구 도시 여행 정보 알려줘.,请告诉我有关越南岘港等港口城市的旅游信息。,告诉我越南岘港等港口城市的旅游信息。
174,56.01,이번에 여행을 갈 건데 발리에서 제일 멋진 명소를 알려줘.,"这次要去旅行,告诉我巴厘岛最好的景点。","这次我要去旅行,告诉我巴厘岛最漂亮的名胜吧。"
175,13.92,홀리데이 시즌에 부산에서 가기 좋은 호텔을 추천해줘.,请推荐一家假期期间在釜山可以入住的好酒店。,推荐一下假日适合在釜山去的酒店吧。
176,18.26,지난번 우리가 했던 프로젝트 아웃풋이 굉장히 좋던데?,"我们上次做的项目的成果真的很好,不是吗?",上次我们做的项目输出非常不错吗?
177,39.94,베트남에 가서 무역을 해보고 싶은데 어떻게 생각하니?,我想去越南做一些贸易。你怎么认为?,"我想去越南做贸易,你怎么想?"
178,46.81,모임 일정이 잡히는 대로 이메일로 알려드리도록 하겠습니다.,"会议日程确定后,我们将立即通过电子邮件通知您。","聚会日程确定后,会通过电子邮件告知您。"
179,18.84,모든 것을 천천히 배울 테니 너무 걱정하지 마세요.,"别太担心,你会慢慢学会一切的。","我会慢慢地学到一切,不要太担心。"
180,41.29,그렇게 생각하신다면 연속 수강은 훌륭한 선택일 것입니다.,"如果你这么想,那么连续上课将是一个不错的选择。","如果你这么想,连续的课程将是很好的选择。"
181,63.58,줄임말 엠지는 뭐의 줄임말일까?,缩略语MG是什么的缩略语呢?,缩略语MG是什么缩略语?
182,52.09,지마켓이랑 쿠팡 중에 뭐가 더 쿠폰을 많이 받아?,Gmarket 和 Coupang 哪个能给你更多优惠券?,"在Gmarket和coupang中,哪个能获得更多的优惠券?"
183,84.34,제미니로 라이브 방송을 실시간 볼 수 있는 방법이 있어?,有没有办法用 Gemini 实时观看直播?,有办法用Gemini实时观看直播吗?
184,68.23,플로리다의 잭슨빌은 관광지로서 어때?,佛罗里达州杰克逊维尔作为旅游目的地怎么样?,佛罗里达的杰克逊维尔作为旅游胜地怎么样?
185,40.28,시카고에서 가족 사인이 묵을 만한 호텔을 추천해줘.,向我推荐一家我家人可以入住的芝加哥酒店。,芝加哥给我推荐一家家人可以住过的酒店吧。
186,62.44,"발리는 인도네시아의 섬 명소라던데, 맞아?","巴厘岛是印度尼西亚的一个著名岛屿,对吗?","听说巴厘岛是印度尼西亚的岛屿名胜,对吗?"
187,21.90,미쉐린 가이드 식당에 스타 셰프가 상주하고 있다던데.,我听说米其林指南餐厅有一位明星厨师驻店。,听说明星厨师常驻米其林导游餐厅。
188,11.66,자 그럼 이제부터 레이어와 브러시 사용에 대해 배울 것입니다.,"好的,现在我们将学习如何使用图层和画笔。","好吧,那么从现在开始,我将学习使用层和刷子。"
189,63.75,베트남 여행 가려고 하는데 하롱 베이 기후 좀 알려줘.,"我要去越南旅行,告诉我下龙湾的气候。","我想去越南旅行,告诉我哈龙湾的气候吧。"
190,16.99,험블과 플렉스의 차이에 대해 알려줄 수 있을까?,你能告诉我 Humble 和 Flex 之间的区别吗?,能告诉我汉布尔和弗莱克斯之间的差异吗?
191,58.72,데이식스콘서트에 가고 싶은데 예매가 너무 힘들어.,"我想去DAY6演唱会,但是预订太难了。","我想参加DAY6演唱会,但是预售太累了。"
192,33.49,저작권에 걸리지 않는 일러스트가 필요한데 사이트를 알려주세요.,我需要没有版权的插图。请告诉我该网站。,"需要不涉及著作权的插图,请告诉我网站。"
193,25.37,이 기사 스크랩해서 슬랙에 올려볼까?,我是否应该删除这篇文章并将其发布到 Slack 上?,"要剪掉这篇文章,放到slack上吗?"
194,56.33,여기 호텔에서는 룸 서비스가 모두 무료가 아닌 유료야.,这家酒店的客房服务不是免费的;它是付费的。,"在这里酒店,客房服务不是免费的,而是付费的。"
195,52.45,일론 머스크가 운영하는 테슬라를 제외한 다른 회사를 알려줘.,告诉我除了伊隆·马斯克经营的特斯拉之外的其他任何公司。,告诉我除埃隆马斯克经营的特斯拉以外的其他公司。
196,32.28,넷플릭스에서 로맨스 영화 추천해줄래? 달달한 걸로.,你能推荐一些 Netflix 上的浪漫电影吗?甜的东西。,能推荐一下奈飞的浪漫电影吗? 是甜蜜的。
197,33.90,현대 아이오닉이 몇 까지 나왔더라? 그거 전기차 맞지?,现代IONIQ上市到几号来着? 那是电动汽车吧?,现代Ioniq已经上市了多少?那是电动汽车吗?
198,100.00,블루투스랑 와이파이 기술이 각각 언제 발명되었는지 알고 싶어.,我想知道蓝牙和 Wi-Fi 技术分别是什么时候发明的。,我想知道蓝牙和Wi-Fi技术分别是什么时候发明的。
199,42.94,회의록을 노션에 저장하고 싶은데 어떻게 해야 되는지 방법을 알려줘.,我想将会议记录保存到 Notion。请告诉我该怎么做。,"我想把会议记录存储在笔记本上,请告诉我该怎么做。"
200,20.64,전기차와 하이브리드는 같은 뜻인가요? 다른 뜻인가요?,电动和混合动力是同一件事吗?这还有什么其他含义吗?,电动车和混合动力车是相同意思吗?是不同意思吗?
201,32.34,넷플릭스에 탈주라는 프로그램이 있는데 지금 순위가 어떻게 될까?,Netflix 上有一部名为《逃走》的节目。现在排名是多少?,"奈飞上有一个叫《逃走》的节目,现在排名怎么样?"
202,100.00,블랙프라이데이 때 세일하는 항목은 무엇인가요?,黑色星期五打折的项目是什么?,黑色星期五打折的项目是什么?
203,64.75,나트랑에서 가장 큰 리조트를 알려줄 수 있니?,你能告诉我芽庄最大的度假村吗?,能告诉我那特朗最大的度假村吗?
204,81.54,지난번 프로젝트에서 발생했던 최대 아웃풋은 뭐야?,上次项目发生的最大输出是什么?,上次项目中发生的最大输出是什么?
205,45.10,이 버튼을 클릭하면 프레젠테이션이 진행되나요?,点击这个按钮就可以进行演示了吗?,点击这个按钮就能进行陈述吗?
206,11.79,여기 수강생들이랑도 교류하면서 친해질 수 있고요.,"在这里,你可以和学生互动成为朋友。","也可以和这里的学生进行交流,变得亲近。"
207,80.87,두 장소의 매력이 달라서 한 곳을 추천하기는 어렵네요.,"两个地方的魅力不同,很难推荐一个地方。","两个场所的魅力不同,很难推荐一个地方。"
208,87.39,뮤지컬 알라딘 출연 배우들 좀 알려줄 수 있니?,能告诉我出演音乐剧《阿拉丁》的演员吗?,能告诉我出演音乐剧《阿拉丁》的演员们吗?
209,28.59,요즘은 미팅을 줌이라는 어플을 이용해서 하는 거 같애.,最近好像是利用Zoom这个软件开会。,"最近好像用名为""Zoom""的应用程序开会。"
210,53.82,스펙과 커리어의 상관관계를 예를 들어 설명해 주세요.,请举例说明一下资历和职业的关系。,请举例说明一下规格和职业之间的关系。
211,7.14,스타트업 아이티 기업에서는 팀 빌딩을 어떻게 해야 할까?,初创IT公司该如何打造团队?,创业企业该怎么做团队大厦呢?
212,60.26,임시 여권을 발급받기 위해서는 여러 가지 서류가 필요해요.,"要获得临时护照,需要几份文件。","为了获得临时护照,需要各种文件。"
213,39.35,오로라를 관측하기 좋은 여행지 세 곳만 추천해줘.,请推荐三个适合观赏极光的旅游目的地。,给我推荐三个适合观测奥罗拉的旅行地。
214,7.73,주말에 할 수 있는 랜선 투어로 어디가 좋을지 알려줘.,请问周末局域网游玩去哪里好?,"是周末可以做的网游,告诉我去哪儿好。"
215,100.00,프레젠테이션에서 클릭 한번으로 애니메이션 효과를 추가할 수 있습니다.,在演示中点击一次就可以添加动画效果。,在演示中点击一次就可以添加动画效果。
216,8.10,이제 나름 베트남도 다양한 무역이 이루어진다고 볼 수 있지.,"现在,我们可以看到越南正在开展各种类型的贸易。",现在越南也实现了多种贸易。
217,43.44,요즘 인기 좋은 인급동의 유튜브 채널은 어떤 것들이 있어?,最近人气很高的仁级洞的YouTube频道有哪些?,最近人气很高的仁急洞的油管频道都有哪些?
218,28.69,싱가포르 래플스 호텔 객실 중 흡연실의 객실 수를 알려줘.,请告诉我新加坡莱佛士酒店有多少间吸烟室。,告诉我新加坡拉普斯酒店客房中吸烟室的客房数量。
219,83.71,반지르에서 추천할 만한 도시의 명소는 무엇인가요?,班吉勒值得推荐的城市名胜是什么?,班吉尔值得推荐的城市名胜是什么?
220,59.90,유니콘 기업이 되려면 매출 성과 말고 다른 성과는 뭐가 필요할까?,"要想成为独角兽企业,除了销售业绩,还需要什么业绩?","要想成为独角兽企业,除了销售成果之外,还需要什么其他成果呢?"
221,58.31,이 뷰어를 보고 싶은데 어떻게 하면 액세스 권한을 가질 수 있어?,"我想看这个查看器,如何获得访问权限?","我想看这个查看器,怎样才能拥有访问权限?"
222,28.10,이 장소의 네트워크 연결이 지연되고 있어. 무엇이 문제일까?,此位置的网络连接延迟。可能存在什么问题?,这个场所的网络连接正在延迟。问题是什么呢?
223,65.03,바딘 광장에서 꼭 방문해야 할 주요 명소는 어디야?,在巴亭广场一定要去的主要景点在哪里?,在巴丁广场一定要访问的主要景点在哪里?
224,20.96,알겠습니다. 이제 말씀하신 모든 제품 준비해 드릴게요.,"知道了。现在,我将准备好您提到的所有产品。",知道了。我准备所有您所说的产品。
225,24.99,이 도구는 부드러운 돌보다 단단한 돌에 더 적합합니다.,"这种工具更适合用于硬石头,而不是软石头。",这种工具比柔软的石头更适合坚硬的石头。
226,17.46,여기에서는 다양한 등산로를 통해 다양한 경험을 할 수 있어요.,"在这里,您可以通过各种徒步路线获得丰富多彩的体验。",在这里可以通过多种登山路体验多样的经验。
227,37.42,팝 음악계에서 고트한 사람은 비욘세가 맞을까?,"在流行音乐界,碧昂丝会是那个吗?",在流行音乐界古特的人应该是碧昂丝吗?
228,71.95,서울 바닐라 크림브륄레 맛집을 알려줄래?,能告诉我首尔香草奶油布吕莱美食店吗?,你能告诉我首尔香草奶油美食店吗?
229,56.83,요즘 중국 쇼핑몰 테무랑 알리가 엄청 핫하다던데?,听说最近中国购物中心泰穆和阿里很火啊?,听说最近中国购物网站特木和阿里很火吗?
230,77.22,자카르타 여행할 건데 만디리 은행 박물관은 어때?,"我要去雅加达旅行,曼迪利银行博物馆怎么样?","我要去雅加达旅行,万迪里银行博物馆怎么样?"
231,95.91,오늘 델타항공과 아시아나항공 중에 일본행 비행기가 있는지 알려줘.,告诉我今天达美航空和韩亚航空中有没有飞往日本的飞机,告诉我今天达美航空和韩亚航空中有没有飞往日本的飞机。
232,42.59,쿠타라는 해변에서 즐겁게 서핑해보고 싶어.,我想在库塔拉海滩享受冲浪的乐趣。,我想在库塔拉海边愉快地冲浪。
233,24.46,나트랑에서 가장 큰 수영장이 있는 리조트를 추천해줘.,推荐一个芽庄拥有最大游泳池的度假村给我。,推荐一下纳特朗最大的游泳池所在的度假村。
234,88.44,최현석 스타 셰프가 운영하는 미쉐린 가이드 식당 위치 알려줘.,告诉我明星厨师崔铉锡经营的米其林指南餐厅的位置。,告诉我明星厨师崔贤锡经营的米其林指南餐厅的位置。
235,10.99,호이안에서 사진을 예쁘게 찍을 수 있는 명소를 추천해줘.,请推荐一些会安可以拍出漂亮照片的地方。,推荐一下在湖里拍照漂亮的名胜吧。
236,43.77,지난 미팅 자료에서 디벨롭이라는 글자를 찾아줘.,在上次会议资料中帮我找一下发展字样。,在上次会议资料中帮我找个叫Develop的文字。
237,51.91,구글 미트에서 해당 사용자만 뮤트하는 방법 검색해줘.,在谷歌Meet上搜索一下只有该用户静音的方法。,搜索一下在谷歌Meat上只有相应用户静音的方法吧。
238,61.18,스팸메일 주소가 보통 어떤 도메인으로 끝나는지 알려줄래?,您能告诉我垃圾邮件地址通常以什么域名结尾吗?,能告诉我垃圾邮件地址通常以哪个域结束吗?
239,63.68,내가 만든 디자인 시안으로 특허를 출원하는 방법을 알아봐 줘.,请帮我查一下我制作的设计方案申请专利的方法。,你帮我了解一下用我制作的设计方案申请专利的方法吧。
240,55.66,명확한 지시나 피드백 없이 일을 시작해야 하는 경우가 있거든.,有时您必须在没有明确指示或反馈的情况下开始一项任务。,有时候需要在没有明确的指示或反馈的情况下开始工作。
241,11.64,롬복으로 신혼여행을 떠날 때 드는 경비를 알려줘.,告诉我去龙目岛度蜜月要花多少钱。,告诉我用罗姆福去蜜月旅行时的经费。
242,43.52,신칸센을 타고 일본 여행을 할 때 좋은 자리가 있어?,坐新干线去日本旅行有好的座位吗?,"坐新干线去日本旅行的时候,有个很好的位置吗?"
243,56.61,일본 여행을 가려는데 후지산으로 패키지 여행을 계획 중이야.,"想去日本旅行,正在计划去富士山的套餐旅行。","我想去日本旅行,计划去富士山打包旅行。"
244,19.40,중국의 수도인 베이징을 가려고 하는데 비행기로 얼마나 걸리지?,我计划去中国的首都北京。坐飞机要多长时间?,"我想去中国首都北京,用多少飞机?"
245,42.18,상하이 여행 중 가장 인상 깊게 본 것은 동방명주입니다.,我在上海旅行期间看到的最令人印象深刻的是东方明珠塔。,"在上海旅行中,印象最深刻的是东方明珠。"
246,15.84,너 항저우 여행 갔을 때 호수도 갔었어?,你去杭州旅游的时候有去湖边玩吗?,你去恒州旅行的时候也去过湖水吗?
247,7.35,중국 여행을 왔으니 치파오 입고 사진 한번 찍을래?,"既然在中国,你想拍一张穿着旗袍的照片吗?","来中国旅行了,你穿完牙膏要拍照吗?"
248,60.59,일본 여행 가면 도쿄에서 신주쿠 공원을 꼭 가봐.,"如果你去日本旅游,一定要去东京的新宿公园看看。","去日本旅行的话,一定要去东京的新宿公园。"
249,21.71,쿠팡과 스마트스토어 어디에 입점하는 게 더 수익이 될까요?,"开店去哪里比较赚钱,Coupang 还是 Smart Store?",入驻Coupang和智能商店在哪里会更有收益呢?
250,67.28,이번에 새롭게 설치한 미드저니의 사용 방법을 좀 알려주세요.,请告诉我这次新安装的Midjourney的使用方法。,告诉我这次新安装的Midjunnie的使用方法。
251,44.06,임시 여권을 발급받으면 여행 일정을 계속 진행할 수 있습니다.,"一旦您获得临时护照,您就可以继续您的旅行计划。","如果获得临时护照,就可以继续进行旅行日程。"
252,48.46,일반적으로 대사관은 오전 아홉시부터 오후 다섯시까지 운영해요.,大使馆办公时间一般为上午9点到下午5点。,"一般来说,大使馆从上午9点到下午5点运营。"
253,28.73,이번에 휴가를 무이네로 떠나려고 하는데 어떤 옷 입지?,我这次计划去美奈度假。我应该穿什么衣服?,"这次我想无家可归地去休假,你穿什么衣服?"
254,25.47,대만 여행에서 기념품인 펑리수를 사 왔어.,我买了一些凤梨饼作为我去台湾旅行的纪念品。,在台湾旅行的时候买了纪念品彭里苏。
255,33.77,세미나를 여러 번 참석하면 내가 인생 멘토가 될 수 있을까?,"如果我参加几次研讨会,我就能成为一名人生导师吗?","多次参加研讨会的话,我能成为人生导师吗?"
256,40.81,스타트업에서는 팀빌딩이 중요하다는데 팀빌딩이 뭐야?,"他们说团队建设在创业中很重要,但团队建设是什么?","听说团队大厦在创业企业中很重要,团队大厦是什么?"
257,17.48,"야, 고맙다. 오늘 너 덕분에 진짜 많이 배우네.","嘿,谢谢。谢谢你,今天我学到了很多东西。","喂,谢谢,托你的福,今天学了很多。"
258,22.53,내가 모아온 자료를 디렉토리에 저장하고 싶은데 어떻게 해야 하니?,我想将我收集的数据保存到目录中。我该怎么做?,"我想把我收集的资料储存在目录中,该怎么办?"
259,16.92,발리로 해외여행 갈 건데 발리의 명소 알려줄 수 있어?,"我打算去巴厘岛自由行,给我推荐一个一定要去的景点。","我要去巴厘岛旅行,能告诉我巴厘岛的景点吗?"
260,66.04,엠비티아이 중에 잇프제 성향을 가진 사람의 특징을 알려줘.,告诉我 MBTI 中具有 I-P-Je 倾向的人的特征。,告诉我MBTI中具有伊普杰倾向的人的特征。
261,40.64,남자가 부른 어쿠스틱 플레이리스트 추천해줘. 많을수록 좋아.,推荐一个男声唱的原声歌单给我。越多越好。,推荐一下男人唱的原声播放列表吧。 越多越好。
262,24.35,파이썬이랑 코드 공부하고 있는데 관련 책 소개해줘.,我正在学习 Python 和编码。请推荐一些相关的书籍。,"我在和Python一起学习代码,给我介绍一下相关书籍吧。"
263,27.37,내가 만든 이 디자인을 특허를 내고 싶은데 유효기간이 어느 정도일까?,"我想为我创作的这个设计申请专利,但专利期限是多长?","我想申请我制造的这个设计专利,有效期有多长?"
264,78.94,픽셀 에잇 프로와 픽셀 세븐 프로는 어떤 차이가 있어?,Pixel Eight Pro 和 Pixel Seven Pro 有什么区别?,Pixel 8 Pro和Pixel Seven Pro有什么区别?
265,51.49,픽셀 세븐 프로와 픽셀 에잇 프로의 사양 차이를 알려줘.,告诉我 Pixel Seven Pro 和 Pixel Eight Pro 之间的规格差异。,告诉我Pixel 7 Pro和Pixel 8 Pro的规格差异。
266,13.83,이번 연도에 꽝닌으로 관광 온 인구가 몇 명이야?,今年有多少游客来到广宁?,这一年去广宁旅游的人口有多少?
267,41.02,한국은 요우커들로 인해 관광지가 항상 사람들로 붐벼.,"在韩国,旅游景点总是挤满了游客。","韩国因为游客,旅游景点总是人满为患。"
268,29.88,유니콘 기업이 이번 연도에 성과를 어느 정도 냈는지 알고 싶어요.,我想知道独角兽公司今年的表现如何。,我想知道独角兽企业在今年年度取得了多少成果。
269,32.38,이번 여행에서 가장 쇼킹했던 모먼트는 어떤 게 있어?,这次旅行最令你震惊的时刻是什么?,这次旅行中最吸引人的瞬间是什么?
270,94.87,웹디자이너가 사용하는 편집 툴에는 어떤 게 있나 알려주세요.,请告诉我网络设计师使用的编辑工具有哪些。,告诉我网络设计师使用的编辑工具有哪些。
271,9.63,에이아이로 그린 일러스트는 저작권을 침해하는 것일까?,AI绘制的插画是否侵犯版权?,用AI画的插图是侵犯著作权的吗?
272,24.34,프로젝트 이후에도 클라이언트랑 꾸준히 팔로우업하는 게 중요할까?,项目结束后继续跟进客户重要吗?,"项目结束后,继续和客户端一起关注是否重要?"
273,56.52,그런데 평소에 그림 기법에 대해 어떤 기술을 주로 사용하시나요?,但是平时对绘画技法主要使用什么技术呢?,但是平时主要使用什么样的绘画技术呢?
274,62.21,설악산에는 다양한 난이도의 코스가 마련되어 있는데요.,雪岳山准备了各种难度的路线。,雪岳山有各种难度的路线。
275,24.21,강원도에 불멍하기 좋은 힐링캠핑장이 어디 있니?,江原道 哪里有好的疗愈露营地?,江原道哪有适合发呆的治愈露营场?
276,77.78,엠비티아이 중에 아이에스에프제이의 특징은 뭔가요?,MBTI中ISFJ的特点是什么?,"在MBTI中,ISFJ的特点是什么?"
277,74.97,런던에 있는 메리어트 호텔의 일박 가격을 알고 싶어.,我想知道伦敦万豪酒店一晚的价格。,我想知道伦敦万豪酒店的价格。
278,43.32,도시 호치민에서 가장 유명한 관광지는 어떤 곳인가요?,胡志明市最著名的旅游景点有哪些?,城市胡志明市最有名的旅游景点是什么地方?
279,13.30,호텔 조식으로 스크램블이 나온 적 있는 호텔을 추천해줘.,给我推荐一家早餐供应炒鸡蛋的酒店。,推荐一下曾作为酒店早餐出现过加扰的酒店吧。
280,95.34,기업 세미나에서는 다양한 멘토들을 만날 수 있어서 좋은 거 같애.,"在企业研讨会上能见到各种各样的导师,感觉很好","在企业研讨会上能见到各种各样的导师,感觉很好。"
281,27.05,링귀스트들은 프리랜서로 일할 때 주로 어떤 업무를 하게 될까?,语言学家作为自由职业者通常从事哪些工作?,"环归队作为自由职业者工作时,主要从事什么样的业务呢?"
282,66.97,슬랙을 이용해서 아이데이션을 효과적으로 진행하는 방법을 알려주세요.,请告诉我如何使用 Slack 有效地进行构思。,告诉我如何使用slack有效地进行识别。
283,28.94,나는 나스닥에 투자했는데 수익을 얻었다는 사람을 본 적이 없다.,我从未见过有人投资纳斯达克并获利。,"我投资纳斯达克,从来没有见过获得收益的人。"
284,11.95,호이안 여행을 갈 때 몇 월에 가는 게 제일 좋아?,"去会安旅游,你最喜欢几月份去?","去霍伊安旅行的时候,几月份最好去吗?"
285,25.90,그럼 우리 나트랑으로 리조트 잡고 여행 가는 거 어때?,那么我们去芽庄旅行并预订度假村怎么样?,那我们去拿铁和度假村旅行怎么样?
286,88.08,피피엘과 스폰서를 효과적으로 활용하려면 어떤 전략이 필요할까?,"要想有效利用PPL和赞助商,需要什么样的战略?","要有效利用PPL和赞助商,需要什么样的战略呢?"
287,64.26,등록 양식을 작성하면서 개인 정보와 연락처를 적어 주셔야해요.,"填写登记表时,需要填写个人信息和联系方式。","在填写登记格式的同时,要填写个人信息和联系方式。"
288,21.87,그래피티와 스프레이 페인트는 정말 멋진 기술이에요.,涂鸦和喷漆确实是很酷的技能。,涂鸦和喷雾油漆真的是很棒的技术。
289,17.20,이번 휴가는 무이네로 가고 싶은데 너는 가봤니?,这个假期我想去美奈。你去过那里吗?,"这次休假我想去穆伊尼家,你去过吗?"
290,13.73,새로 나온 에이아이 어시스턴트 제미나이는 어느 회사에서 만든 거야?,哪家公司生产了新的 AI 助手 Gemini?,新出的AI Assistant Jeminai是哪个公司制造的?
291,33.50,그래피티와 색상 표현은 정말로 멋진 아트 스타일이죠.,涂鸦和色彩表达是一种非常酷的艺术风格。,涂鸦和颜色表现真的很帅气的艺术风格。
292,70.54,용산공원 근처에서 할랄푸드 먹을 수 있는 곳 좀 알려줄래?,你能告诉我龙山公园附近哪里可以吃清真食品吗?,能告诉我龙山公园附近可以吃清真食品的地方吗?
293,53.24,호텔 어메니티 중에 어느 호텔의 샴푸가 제일 좋아?,"在酒店设施中,您最喜欢哪家酒店的洗发水?",你最喜欢哪家酒店的洗发水?
294,27.45,싱가포르 래플즈 호텔의 별점 리뷰에 대해서 요약해줘.,请总结一下新加坡莱佛士酒店的星级评价。,请概括一下新加坡拉普兹酒店的评分评论。
295,25.91,하이브리드와 전기차 중에 장거리 여행자들에게 더 추천해주는 차는 뭐야?,"对于长途旅行者,您推荐哪种汽车:混合动力汽车还是电动汽车?","在混合动力车和电动车中,推荐给长途旅行者的车是什么?"
296,15.32,최초로 바지단에 시보리를 넣어 출시한 회사는 어디였을까?,哪家公司最先在裤子上推出罗纹袖口?,第一次在裤子上放西沃里上市的公司在哪里?
297,21.18,머스크는 트럼프 대선을 지원하기 위해 수억 달러를 썼다고 해.,"据称,马斯克已花费数亿美元支持特朗普的总统竞选。",据说马斯克为支援特朗普大选花费了数亿美元。
298,72.42,요즘 줄임말이 많은데 엠지는 진짜 줄임말을 쓰는 거야?,"最近有很多缩略语,MG真的用缩略语吗?","最近有很多缩略语,M.G真的要用缩略语吗?"
299,49.63,중국 청두 지역은 판다가 많기로 굉장히 유명한 관광 도시야.,中国成都地区是一个以众多大熊猫而闻名的旅游城市。,"中国成都地区销量大增,是一个非常有名的旅游城市。"
300,24.82,구글에서 나온 픽셀 나인 프로를 사용해 본 적이 있니?,您曾经使用过谷歌的 Pixel Nine Pro 吗?,你用过谷歌出的像素9 Pro吗?
301,75.17,구글에서 나온 픽셀 에이트 프로를 사용해 본 적이 있니?,您曾经使用过谷歌的 Pixel Eight Pro 吗?,你用过谷歌出的Pixel Eight Pro吗?
302,53.61,프로젝트 팔로우업하기 편한 플랫폼 찾고 있는데 추천해 줄 수 있어?,我正在寻找一个易于跟进项目的平台。你能推荐一个吗?,"我正在寻找一个方便关注项目的平台,你能推荐一下吗?"
303,17.85,그래서 사람들이 휴식이랑 여가 즐기러 많이들 오겠지?,"那么,我猜很多人会来这里放松并享受休闲时光?",所以很多人会来休息和休闲吧?
304,77.28,내용을 확인하기 위해서 크로스체크를 하고 싶은데 이에 관련된 앱이 있을까요?,"为了确认内容,想进行交叉检查,有与此相关的应用程序吗?","为了确认内容,我想进行交叉检查,有没有与此相关的应用程序?"
305,10.09,나도 한번 써봐야겠다. 디테일 표현하기에 딱 좋겠는데?,我也应该尝试一下。这对于表达细节来说不是很完美吗?,我也要用一下。 表现细节应该特别好吗?
306,29.52,이제 시작해볼까요? 전통 가옥의 스케치부터 시작하겠습니다.,我们现在就可以开始吗?让我们从传统房屋的草图开始。,现在开始吧?我们将从传统房屋的素描开始。
307,32.07,설악산은 자연이 풍부하게 그려진 명화 같은 곳이죠.,雪岳山是画有丰富自然风景的名画一样的地方。,雪岳山是描绘出丰富大自然的名画的地方。
308,19.57,식사 예약을 하려면 웨이팅 리스트에 저희 이름을 남기면 될까요?,"如果我们想预订餐厅,我们可以把我们的名字列入等候名单吗?","如果想预约吃饭,可以在微博列表上留下我们的名字吗?"
309,49.21,특정한 주소로 스팸메일이 온다던데 무슨 주소인지 알아?,我听说垃圾邮件来自某个地址。你知道它是什么地址吗?,"听说垃圾邮件会到特定地址,你知道是什么地址吗?"
310,31.59,머라이어 캐리가 부른 캐롤 노래가 몇 개인지 알려줄래?,你能告诉我玛丽亚·凯莉唱过多少首圣诞颂歌吗?,能告诉我玛丽亚•卡里演唱的《卡罗尔歌》有多少首吗?
311,16.77,신혼여행 가서 아기가 생기면 왜 허니문 베이비라고 해?,"如果度蜜月生了宝宝,为什么叫蜜月宝宝?","去新婚旅行,如果有孩子的话,为什么叫哈尼文婴儿呢?"
312,28.28,고트를 뜻하는 요즘 밈이 뭐가 있어? 유행하는 걸로 알려줄래?,当前有哪些与哥特有关的模因?你能告诉我现在流行什么吗?,意味着古特的最近有什么妆容?能告诉我流行什么吗?
313,28.52,발리에 여행을 가려고 하는데 발리 명소를 좀 알고 싶어.,"我正在计划去巴厘岛旅行,想了解巴厘岛的一些著名景点。","我想去巴厘岛旅行,我想知道巴厘岛名胜。"
314,17.40,신혼여행을 발리로 가는데 허니문 할 최고의 호텔 추천해줘.,我要去巴厘岛度蜜月。请推荐最适合我度蜜月的酒店。,"我去巴厘岛去新婚旅行,给我推荐一家最好的酒店吧。"
315,25.96,나는 이년 전부터 투자에 관심이 생겨서 엔비디아에 꾸준히 넣고 있어.,"我从两年前开始就对投资产生了兴趣,并且一直在投资Nvidia。","我从以前开始就对投资很感兴趣,所以一直加入英伟达。"
316,31.24,대전으로 여행 갈 건데 소보로를 잘하는 베이커리 추천해줘.,我要去大田旅行。您能推荐一家制作美味 soboro 的面包店吗?,"我要去大田旅行,推荐一下小宝路做得好的面包店吧。"
317,17.69,구글에서 제미나이 첫 번째 버전은 언제 출시되었나요?,谷歌何时发布杰米奈的第一个版本?,谷歌的第一部杰米奈版本什么时候上市?
318,25.95,호텔 프론트 데스크에서 수건을 빌릴 수 있는지 물어봐 주세요.,询问酒店前台是否可以借一条毛巾。,请问一下是否在酒店前台租赁毛巾。
319,14.09,이월 달에 하노이에서 삼일 정도 묵을 호텔이 있을까?,河内有哪些酒店可以在二月份住三天?,这个月有在河内住三天的酒店吗?
320,10.67,나트랑에서 인기 있는 리조트의 시설이나 서비스는 어떤 것들이 있어?,芽庄的热门度假村提供哪些设施或服务?,在纳特朗很有人气的度假村的设施和服务都有哪些?
321,21.99,호치민에서 꼭 가봐야 할 도시의 명소는 어디인지 알려줘.,告诉我胡志明市有哪些必看的城市景点。,告诉我在胡志明市一定要去的城市名胜在哪里。
322,54.02,프로젝트의 팔로우업 과정을 에이아이를 활용해서 자동화할 수 있을까?,项目的后续流程能否利用AI实现自动化?,项目的关注过程能利用AI实现自动化吗?
323,52.89,오늘 처갓집 양념치킨이 글로벌 시장 진출을 선언하였습니다.,"今天,处家药师鸡宣布进军全球市场。",今天妻子家的调料炸鸡宣布进军全球市场。
324,11.71,고객님 죄송하지만 오션뷰 객실은 이미 예약이 끝났습니다.,"抱歉,海景房已经被预订了。","虽然顾客很抱歉,但是海洋风景客房已经预约完毕。"
325,22.35,모두 여기 타블렛에 그리기 앱을 사용하실 거에요.,这里的每个人都会在平板电脑上使用绘图应用程序。,大家都会在这里使用在Tablelet上画的应用程序。
326,29.66,와이탄에서 야경으로 유명한 관광지는 어디를 가면 좋을까?,外滩有哪些夜景著名的旅游景点?,在怀坦以夜景闻名的旅游景点去哪里好呢?
327,33.98,홀리데이 시즌에 가볼 만한 국내 여행지를 추천해 주세요.,请推荐一些假期期间可以去的国内旅游目的地。,请推荐一下假日期间值得去的国内旅行地。
328,57.31,모나리자가 전시되어 있는 곳이 루브르 박물관이야?,卢浮宫是展示蒙娜丽莎的地方吗?,展示蒙娜丽莎的地方是卢浮宫博物馆吗?
329,50.37,탄손누트 공항에서 호치민으로 가는 방법 좀 알려줘.,告诉我从新山一国际机场到胡志明市的方法。,告诉我从坦桑努特机场去胡志明市的方法。
330,38.02,와이탄은 중국 상해에 있는 굉장히 유명한 관광지 중에 하나야.,外滩是中国上海最著名的旅游景点之一。,威坦是中国上海非常有名的旅游胜地之一。
331,24.76,브라우저 북마크를 다른 피씨로 이송하는 방법은 뭐가 있을까요?,如何将浏览器书签转移到另一台电脑?,将浏览器书签移送到其他PC的方法是什么呢?
332,57.59,제안서를 작성하기 위해 메모를 해두는 습관은 좋은 건가요?,为了写提案书而记笔记的习惯是好的吗?,为了写提案书而做笔记的习惯好吗?
333,14.25,"야, 하노이에 호텔이 그렇게 죽여주게 이쁘더라.","哇,河内的酒店真是漂亮极了。","喂,河内酒店会那么死的,很漂亮。"
334,84.92,설악산 정상에서 멋진 경치를 함께 감상하면 좋겠네요.,希望能在雪岳山山顶一起欣赏美丽的风景。,希望在雪岳山山山顶一起欣赏美丽的风景。
335,26.86,요즘 요우커들은 어디를 어떤 관광지를 주로 다니는지 알려줘.,请告诉我现在游客主要去哪里以及去哪些旅游景点。,告诉我最近优客主要去哪里旅游。
336,44.30,내 클라우드의 정보를 해킹당했을 때 제일 먼저 무엇을 해야 할까?,"如果我的云端信息被黑客入侵,我首先应该做什么?","当我的云信息被黑客入侵时,首先要做什么?"
337,42.33,데이터 아키텍트는 데이터베이스 설계 시 어떤 요소들을 가장 중요하게 고려하나요?,数据架构师在设计数据库时考虑的最重要的因素是什么?,数据架构在设计数据库时最重要考虑哪些因素?
338,5.45,유후인에서 료칸으로 이박 머무실 수 있습니다.,您可以在由布院的日式旅馆住两晚。,可以从刘厚仁移宿到料间停留。
339,32.08,호텔 예약할 거면 하노이에 있는 나의 친구한테 부탁해보자.,"如果您想预订酒店,我会问我在河内的朋友。","如果你要预订酒店,就拜托一下在河内的我的朋友吧。"
340,17.00,모든 힘들었던 등산이 그 순간에 모두 보상받은 것 같죠.,"那一刻,所有的艰苦攀登似乎都得到了回报。",所有辛苦的登山好像在那一瞬间都得到了补偿。
341,36.00,여권 분실로 인한 추가 비용은 여행자 본인이 부담해야 하셔야 해요.,因护照遗失而产生的任何额外费用必须由旅行者承担。,因护照丢失而产生的追加费用需要由旅行者本人承担。
342,60.32,"네, 비행기 티켓비, 유류 할증료까지 모두 포함되어 있습니다.","是的,机票费,燃油附加费都包含在内。","好的,机票费、燃油附加费都包括在内。"
343,16.15,"네, 고객님. 혹시 저희 여행사 이용이 처음이실까요?","是的,先生。这是您第一次使用我们的旅行社吗?","是的,顾客,我们第一次去旅行社吧?"
344,56.48,해안에서 채취한 여러 돌들을 가공해서 만든 팔찌가 있어요.,有一只用从海岸采集的各种石头加工而成的手镯。,有一把从海岸采集的几块石头加工而成的手链。
345,58.09,전기차 중에 아이오닉은 인기가 있는 편인가요? 없는 편인가요?,"在电动汽车中,IONIQ比较受欢迎吗? 没有吗?",电动车中IONIQ比较受欢迎吗?还是没有?
346,34.54,베트남 나트랑 여행 시 가장 가성비 좋은 리조트 정보 알려줘.,请告诉我去越南芽庄旅游最划算的度假村信息。,告诉我和越南纳特旅行时性价比最好的度假村信息。
347,50.89,중국에 가게 된다면 난징에 있는 박물관에 꼭 가보고 싶네.,"如果我去中国,我一定要参观南京的博物馆。","如果你去中国,一定要去南京的博物馆。"
348,41.56,바딘이 관광하기에 되게 좋은 장소래. 같이 놀러 가자.,听说巴丁是非常适合观光的地方。 一起去玩吧。,听说巴丁很适合旅游。一起去玩吧。
349,25.13,줌을 활용한 미팅에서 자주 발생하는 문제와 해결책은 무엇인가요?,使用 Zoom 开会时常见问题及解决方案有哪些?,在利用Zoom的会议上经常发生的问题和解决方案是什么?
350,8.97,오늘 미팅에서 나온 안건 중에 가장 좋은 걸로 디벨롭 해줄래?,您能否对今天会议中提出的最佳方案进行阐述?,能给我看一下在今天的会议中出现的案件中最好的吗?
351,6.48,객실 내 팜플랫 보시면 모든 메뉴 있으니까 확인해 주세요.,"请查看您房间里的小册子,其中包含所有菜单。","看客房里的宣传册的话,有所有的菜单,请确认一下。"
352,35.03,요즘 베트남이 무역으로 유명하지 않나? 내는 그런 걸로 아는데.,如今越南不是以贸易闻名吗?我知道是这样的。,最近越南不是因为贸易而出名吗? 我知道这是我做的。
353,22.12,"조각은 당연 알고 계시겠지만, 창의적이고 멋진 과정이에요.","您可能知道,雕塑是一个富有创造性且奇妙的过程。","雕塑当然会知道,这是一个有创意、精彩的过程。"
354,15.80,호텔 정문에 있는 기사님에게 따로 발렛비를 주시면 돼요.,您可以在酒店正门单独向司机支付代客泊车费用。,酒店正门的司机可以另外给代客。
355,12.74,관광지 투어 신청하면서 와이탄은 꼭 돌아보라고 했어.,"我报名旅游团的时候,就有人告诉我一定要去外滩。","在申请旅游景点旅行时,我要求一定要去看Witan。"
356,34.14,우리 항저우로 여행 갔었을 때 갔던 호수 기억나?,还记得我们去杭州旅游时参观过的那个湖吗?,你还记得我们去恒州旅行的时候去的湖吗?
357,39.05,우리가 내일 가는 관광지에도 요우커들이 엄청 많겠지?,"我们明天要去的那个旅游景点会有很多游客,对吗?",我们明天去的旅游景点应该也有很多游客吧?
358,78.48,크롬브라우저는 아는데 확장 프로그램은 무슨 뜻인지 모르겠어요.,"我知道 Chrome 浏览器,但我不知道扩展是什么意思。","我知道Chrome浏览器,不知道扩展程序是什么意思。"
359,31.04,무이네 사막 완전 아름답던데. 신혼여행으로도 간대.,美奈沙漠非常美丽。您还可以去度蜜月。,穆伊家的沙漠非常美丽。 听说去新婚旅行了。
360,51.16,"네, 설악산은 우리나라의 자랑스러운 자연 명소 중 하나에요.","是的,雪岳山是我们国家引以为豪的自然景点之一。","好的,雪岳山是韩国值得骄傲的自然景点之一。"
361,45.09,난 패키지가 싫은데 유럽 여행으로 자유 가는 거 어떻게 생각해?,"我不喜欢跟团旅游,但是你觉得去欧洲自由行怎么样?","我不喜欢套餐,你觉得去欧洲旅行怎么样?"
362,32.58,소프트웨어와 하드웨어의 차이점은 뭐고 백엔드가 뭔지 설명해줄래?,你能解释一下软件和硬件之间的区别以及后端是什么吗?,"软件和硬件的区别是什么,后端是什么?"
363,8.88,크리스마스에 촌캉스를 가려고 하는데 괜찮은 여행지 좀 추천해줘.,我正在考虑去圣诞度假。你能推荐一些值得游览的好地方吗?,"我想在圣诞节去村度假,给我推荐一个不错的旅行地吧。"
364,33.57,발리에 가보고 싶은데 발리에서 꼭 가야 할 명소에 대해서 추천해줘.,我想去巴厘岛。请推荐一些巴厘岛必去的景点。,"我想去巴厘岛,推荐一下巴厘岛一定要去的名胜吧。"
365,41.86,이탈리아의 조식 좋고 오션뷰가 아주 예쁜 호텔 추천해줄래?,您能推荐一家意大利的早餐美味且海景优美的酒店吗?,能推荐一下意大利的早餐好、海洋风景非常漂亮的酒店吗?
366,22.95,구글 미트로 수업을 듣고 있는데 뮤트할 수 있는 방법이 뭐야?,我正在参加谷歌Meet 上的课程。我怎样才能将其静音?,"我在用谷歌Meet听课,能静音的方法是什么?"
367,56.40,구글에서 나온 픽셀 에이트 프로라는 핸드폰에 대해서 알고 있니?,您听说过谷歌这款名为 Pixel Eight Pro 的手机吗?,"你知道谷歌推出的名为""Pixel Eight Pro""的手机吗?"
368,7.63,성공적인 애자일 프로젝트를 위한 제품의 백로그 관리 방법을 알려줄 수 있을까?,您能否给我一些关于如何管理产品待办事项以实现敏捷项目成功的建议?,能告诉我为了成功的Agile项目的产品背景管理方法吗?
369,47.99,지에스이십오와 씨유의 마케팅 전략이 궁금해. 알려줄 수 있어?,我对 GS25 和 CU 的营销策略很好奇。你能告诉我吗?,"很好奇GS20O和CU的营销战略,能告诉我吗?"
370,20.55,네. 그럼요. 잠실 주변으로는 올림픽 공원이 가기 좋아요.,"是的。当然。在蚕室周围,奥林匹克公园是一个值得游览的好地方。","是的,那么蚕室周边最好去奥林匹克公园。"
371,37.61,그럼 다른 관광지 둘러보고 와이탄에서 야경도 구경하자.,"那么,我们再去看看其他旅游景点,欣赏外滩的夜景吧。","那么,参观其他旅游景点,在怀坦参观夜景吧。"
372,12.41,유후인 여행을 가고 싶은데 인기가 많은 료칸을 추천해줄래?,我想去由布院旅行。您能推荐一家受欢迎的日式旅馆吗?,"我想去刘侯人旅行,能给我推荐一个人气很高的肥间吗?"
373,19.63,난 패키지를 별로 안 좋아하는데 유럽 여행은 역시 패키지로 가야 될까?,"我不太喜欢跟团游,但是我应该参加跟团游去欧洲吗?","我不太喜欢套餐,欧洲旅行还是要套餐吗?"
374,57.46,나는 자바 개발자라서 파이썬 코드는 거의 볼 일이 없긴 해.,"我是一名 Java 开发人员,因此很少看到 Python 代码。","我是Java开发人员,所以Python代码很少见。"
375,34.83,우리 그럼 바딘에 도착하면 역사적인 관광도시 많이 돌아보자.,"然后,当我们到达巴丁时,我们去游览许多历史旅游城市。","那么我们到达巴丁后,就去很多历史性的旅游城市吧。"
376,61.46,브루노마스랑 로제랑 같이 부른 아파트 동영상 조회수 몇이야?,布鲁诺·马尔斯和ROSÉ一起唱的公寓视频点击率是多少?,和布鲁诺马斯和罗杰一起唱的公寓视频点击率是多少?
377,25.37,발리로 자유여행 갈 계획인데 꼭 가야 될 명소 하나 추천해줘.,我正在计划一次去巴厘岛的免费旅行。请推荐一个必去的景点。,"我打算去巴厘岛自由旅行,给我推荐一个必须要去的名胜吧。"
378,26.76,내가 에이아이 회사에 들어가서 파이썬으로 된 코드를 요즘 보고 있어.,"我在一家人工智能公司工作,最近正在查看用 Python 编写的代码。","我进入AI公司,最近在看Python的代码。"
379,27.59,데이터 사이언티스트는 어떤 걸 하는 역할이고 데이터 파이프라인은 뭐야?,数据科学家做什么?什么是数据管道?,"数据科学家扮演什么角色,数据流水线是什么?"
380,19.75,여러 돌을 시도해보며 어떤 것이 가장 마음에 드는지 찾아보세요.,尝试不同的石头来找到你最喜欢的一块。,"请尝试几块石头,寻找你最喜欢什么。"
381,48.46,혹시 지금 훌루에 일위 하고 있는 드라마 보신 적 있으세요?,您看过目前 Hulu 上排名第一的电视剧吗?,你有没有看过现在Hulu排名第一的电视剧?
382,22.25,루브르 박물관에서 모나리자를 촬영하는 걸 허용하나요?,卢浮宫里的蒙娜丽莎可以拍照吗?,你允许在卢浮宫博物馆拍摄蒙娜丽莎吗?
383,20.76,발리에서 꼭 방문해야 할 명소에는 어떤 것들이 있는지 알려줄 수 있어?,你能告诉我一些巴厘岛必去的景点吗?,能告诉我巴厘岛一定要访问的名胜有哪些吗?
384,60.17,한국에 관광을 오는 중국 관광객들을 한국에서는 요우커 라고 부르고 있어.,来韩国旅游的中国游客在韩国被称为“游客”。,"在韩国,来韩国旅游的中国游客被称为游客。"
385,37.48,프로젝트 진행 상황을 팔로우업할 때 쓰기 좋은 툴이 있다면 좀 알려줘.,"如果有好的工具可以跟踪项目进度,请告诉我。","如果有适合关注项目进行情况的工具,请告诉我。"
386,53.87,내 남자친구는 나이가 너무 많아서 유행이나 밈 같은 것도 다 몰라.,"我男朋友年纪太大了,流行什么梗都不懂。","我的男朋友年纪太大了,连流行和打扮都不懂。"
387,62.26,코로나가 한창 심했을 때는 자가격리 때문에 해외여행 나가기가 많이 힘들었었지.,"新冠疫情严重的时候,因为自我隔离,去海外旅行非常困难。","新冠肺炎严重的时候,因为自我隔离,很难去海外旅行。"
388,51.61,너 쑤저우에 여행 갔을 때 산책은 주로 어디에서 했어?,"您到苏州旅游的时候,主要去哪里散步?","你去苏州旅行的时候,主要是在哪里散步?"
389,74.37,와이탄은 역시 상하이에서 꼭 가봐야 되는 관광지 중 하나야.,外滩绝对是上海必去的旅游胜地之一。,威坦还是上海必去的旅游胜地之一。
390,70.65,크리스마스에 촌캉스 가는 거 어떻게 생각해? 어디로 가면 좋을까?,你觉得圣诞节去乡村度假怎么样? 去哪里好呢?,圣诞节去村度假怎么样?去哪里好呢?
391,77.44,원데이 클래스 중에 소금빵을 만드는 홈베이킹 클래스가 있을까요?,一日课程中是否有制作盐面包的家庭烘焙课程?,一日课程中有制作盐面包的家庭烘焙课程吗?
392,62.99,스팸메일 주소를 내 이메일 주소록에서 지우는 방법은 무엇입니까?,如何从我的电子邮件地址簿中删除垃圾邮件地址?,把垃圾邮件地址从我的电子邮件地址簿中删除的方法是什么?
393,31.83,이번에 여행 어디로 갈지 고민 중인데 호이안으로 가는 거 어떻게 생각해?,我正在考虑这次旅行要去哪里。您觉得去会安怎么样?,"这次正在考虑去哪里旅行,你觉得去湖岸怎么样?"
394,64.56,나 이번에 런던 여행 가는데 메리어트 호텔 예약 잡아줄 수 있어?,这次我要去伦敦。您能帮我预订万豪酒店吗?,"我这次要去伦敦旅行,能帮我预订万豪酒店吗?"
395,34.05,후쿠오카 리츠칼튼 호텔 조식에는 스크램블이 있나요?,福冈丽思卡尔顿酒店早餐有炒鸡蛋吗?,福冈利茨卡尔顿酒店的早餐有加扰吗?
396,15.03,요우커들이 우리나라에 와서 가장 선호하는 관광지에 대해서 알려줄 수 있을까?,您能告诉我们最受游客欢迎的我国旅游目的地是哪些吗?,能告诉我游客来韩国最喜欢的旅游景点吗?
397,78.29,오 좋은데요? 설악산 근처에는 맛있는 음식점이 많아요.,"噢,好吗?雪岳山附近有很多好吃的餐厅。","哦,好吗?雪岳山附近有很多好吃的饭店。"
398,72.46,"네, 늦은 시간에 놀 수 있는 곳으로 홍대나 강남을 추천해요.","是的,我推荐弘大或江南作为深夜闲逛的地方。","好的,我推荐弘大或江南作为深夜可以玩的地方。"
399,49.43,도쿄 여행을 가려는데 다다미가 깔린 숙소 중 괜찮은 곳을 추천해줘.,"我想去东京旅行,请推荐一下铺榻榻米的宿舍中不错的地方。","我要去东京旅行,给我推荐一个铺有茶茶的宿舍中不错的地方吧。"
400,26.24,링크드인에서 가장 매력적인 프로필을 작성하기 위한 방법에는 무엇이 있을까?,如何在 LinkedIn 上创建最具吸引力的个人资料?,"在《Linked In》中,制作最有魅力的简历的方法是什么呢?"
401,37.81,미국 대통령 링컨의 게티즈버그 연설 내용을 다섯 문장으로 요약해줘.,请用五句话概括一下美国总统林肯在盖茨堡的演讲内容。,请将美国总统林肯的盖蒂兹堡演讲内容概括为五句话。
402,30.69,그래픽아트와 일러스트를 보면은 그림 그리는 사람들은 참 대단한 것 같아.,"当我看到图形艺术和插图时,我认为绘画的人真的很棒。","从图形艺术和插图来看,画画的人应该很了不起。"
403,16.12,우리 회사에 새로운 시스템이 들어와서 일 년 치 플랜을 다시 짜야 돼.,"我们公司已经采用了新系统,所以我们必须重新规划这一年。","我们公司要引进新的系统,重新制定一年的计划。"
404,53.77,어차피 리조트 예약해야 되면은 나트랑에 있는 거 예매하자.,"反正要预约度假村的话,就预约在芽庄的吧。","反正要预订度假村的话,就预订纳特朗的吧。"
405,9.46,디럭스룸 이상 투숙객의 경우 발렛 서비스가 무료입니다.,入住豪华客房或更高级别的客人可享受免费代客泊车服务。,豪华室以上的住客可以免费提供代客服务。
406,33.89,엔비디아 주가가 십년 뒤에는 얼마나 더 올라 있을까? 투자해도 괜찮을까?,英伟达的股价十年后还会涨多少? 我可以投资吗?,十年后英伟达的股价又上涨了多少?投资也没关系吗?
407,40.57,거기서 오른쪽으로 꺾어서 오분 정도 올라가면 대사관이 보일 거예요.,"从那里右转,往上走大约五分钟,你就会看到大使馆。","从那里向右弯曲,往上走五分钟左右就能看到大使馆。"
408,20.88,외국 방송국에 뭐가 있지? 비비씨 말고는 떠오르는 게 없네.,外国电台都在播什么节目?除了 BBC 以外我什么也想不到。,外国电视台有什么?除了BB以外别无他法。
409,34.55,연말이라고 플레이스테이션 세일하네. 이번 기회에 한번 사볼까?,"由于年底,他们正在进行 PlayStation 促销。这次我该买吗?","说是年末,PlayStation打折啊。 趁这个机会买一下吧?"
410,32.42,이번에 새로 산 스투시 슬리브 입고 감성 카페 가서 사진 찍고 싶다.,"想穿着这次新买的Stussy袖子,去有情调的咖啡馆拍照。","想穿这次新买的斯图什套筒,去感性咖啡馆拍照。"
411,39.82,베트남 여행 때문에 환전하려고 보니까 백 동에 오 점 오구원이래.,"因为去越南旅行,所以想换钱,我看到 100 越南盾兑换 5 分和 59 韩元。","因为去越南旅行,所以想换钱,发现一百洞是五九元店。"
412,28.48,베트남 하노이에서 묵기 편한 한국어가 통하는 호텔에 대해서 알아봐 줘.,了解越南河内便捷的韩语酒店。,你帮我打听一下在越南河内方便住的韩语酒店吧。
413,11.79,내가 이번에 대구로 관광 갔는데 요우커들이 겁나 많더라구.,"这次去大邱观光,那里有很多外国人。","我这次去了大邱旅游,很多游客都很害怕。"
414,42.16,미국 오티티 훌루에서 가장 인기 있는 티비쇼는 뭐니?,美国 Hulu 上最受欢迎的电视节目有哪些?,在美国奥蒂蒂赫鲁最受欢迎的电视节目是什么?
415,42.51,요번 주 일요일은 쉬는 날이어서 호텔에 스테이케이션을 하러 가.,"这个星期天是休息日,所以我要去酒店度假。","最近星期天是休息日,去酒店看台吧。"
416,62.90,오늘 오전에 실시한 회의의 아젠다에 대해 업데이트해 줄 수 있어?,你能更新一下今天上午的会议议程吗?,能更新一下今天上午举行的会议的议程吗?
417,11.33,라우터를 설치했는데도 와이파이가 잘 안 터지면 어떤 걸 바꿔야 돼?,"安装路由器后WiFi还是不好用,该怎么办?","安装了路由器,但如果Wi-Fi不顺利,该换什么?"
418,65.99,백엔드 개발에서 소프트웨어 성능 최적화를 위해 가장 중요한 요소는 무엇인가요?,后端开发中优化软件性能最重要的因素是什么?,"在后端开发中,为了优化软件性能,最重要的因素是什么?"
419,27.75,구글 미트라는 화상 채팅 어플에서 소리를 뮤트시키려면 어떻게 해야 돼?,如何将视频聊天应用谷歌Meet静音?,要如何在名为谷歌Meat的视频聊天软件中静音?
420,81.37,파라다이스시티랑 인스파이어 리조트 중에 어디가 더 좋을까?,天堂城和 Inspire 度假村哪个更好?,在天堂城和Inspire度假村中哪个更好?
421,14.72,발리 여행할 때 빠뜨리지 말고 꼭 가봐야 할 명소들로 추천해줘.,请推荐一些去巴厘岛旅游必去的景点。,"不要在巴厘岛旅行时漏掉,给我推荐一个必须要去的名胜吧。"
422,68.23,중국 난징에 갔다가 박물관을 우연히 갔었거든? 정말 넓더라고.,去中国南京的时候偶然去了博物馆 真的很宽敞。,去中国南京时偶然去了博物馆?真的很宽敞。
423,69.09,뉴욕에 있는 존 에프 케네디 국제공항에 가는 최단 루트를 알려줘.,告诉我去往纽约约翰肯尼迪国际机场的最短路线。,告诉我通往纽约肯尼迪国际机场的最短路线。
424,88.62,저번 주에 예능 프로그램에 호치민이라는 도시가 나오던데 여행해보고 싶어.,"上周综艺节目里出现了叫胡志明的城市,我想去旅行。","上周综艺节目里出现了叫胡志明的城市,我想旅行。"
425,5.11,미팅에 투머치 토커가 나왔을 때 어떻게 대응하는 것이 좋을까?,"当会议中有人说得太多时,你该如何应对?",见面脱口秀出来的时候该怎么应对呢?
426,56.33,이스라엘에 있는 예루살렘은 꼭 한번 가보고 싶은 여행지이다.,以色列的耶路撒冷是必去的旅游目的地。,以色列的耶路撒冷是一定要去的旅行地。
427,23.71,프로젝트를 진행할 때 원하는 아웃풋을 얻기 위해 가장 중요한 요소는 무엇인가요?,"在开展一个项目时,实现预期成果的最重要因素是什么?","在进行项目的时候,为了获得想要的输出,最重要的因素是什么?"
428,25.07,요즘 메타버스랑 에이아이가 많이 나오는데 그 두 개의 차이점이 정확히 뭐야?,"最近有很多元宇宙和AI,那两个的区别到底是什么?","最近有很多Metabus和A.I,这两个差异准确地是什么?"
429,27.27,슬랙에서 아이데이션을 진행할 때 유용한 기능들을 추천해 줄 수 있어?,您能推荐一些 Slack 中有用的创意功能吗?,你可以推荐一下在slack进行识别时有用的功能吗?
430,48.61,스프레드시트를 드라이브에 저장한 후 다른 사람과 어떻게 공유할 수 있나요?,"将电子表格保存到云端硬盘后,如何与他人共享?","把电子表格存储在驱动器中,如何与他人共享?"
431,57.10,항구도시로 여행하고 싶은데 혹시 다낭에 가본 적 있니?,我想去一个港口城市旅行。您去过岘港吗?,"我想去港口城市旅行,你去过岘港吗?"
432,61.66,훌루라는 티비쇼가 있다고 들었어. 어떤 종류의 프로그램이야?,听说有叫Hulu的电视节目。 是什么类型的节目?,听说有Hulu这个电视节目? 是什么类型的节目?
433,5.16,비행기가 레이오버된다고 하는데 그러면 기내식이 보통 한 끼 더 제공돼?,"如果航班中途停留,他们通常会提供额外的餐食吗?","听说飞机会翻转,那么一般多提供一顿饭吗?"
434,24.41,인생 멘토를 가장 많이 만날 수 있는 세미나에 참석하려면 어떻게 해야 할까?,我怎样才能参加一个可以遇见最多人生导师的研讨会?,"如果想参加人生导师最多的研讨会,该怎么办呢?"
435,47.74,회사에서 좋은 성과를 냈는데 좋은 피드백을 받지 못했어. 어떻게 해야 할까?,"我工作做得很好,但没有得到好的反馈。我应该怎么办?","公司取得了不错的成绩,但没有得到好的反馈。该怎么办呢?"
436,16.26,이번에 베트남에 있는 바딘 광장이라는 곳에 관광을 갔는데 너무 좋더라.,"这次去越南的一个地方旅游,叫巴亭广场,很不错。","这次去了位于越南的巴丁广场旅游,感觉很好。"
437,83.18,새로 산 백팩은 포켓이 많아서 여행 갈 때 정말 유용한 것 같아.,"新买的背包有很多口袋,去旅行的时候真的很有用。","新买的背包有很多口袋,去旅行的时候好像很有用。"
438,26.57,내용이 맞는지 확인하려고 크로스체크를 할 건데 다른 자료랑 어떻게 비교하면 될까?,"我将进行交叉检查以确保内容正确,但如何将其与其他来源进行比较?","为了确认内容是否正确,我想进行交叉检查,与其他资料怎么比较呢?"
439,32.39,호텔에 캐리어를 미리 맡기고 싶은데 컨시어지에 가서 부탁하면 될까?,我想提前把行李寄存在酒店。我可以去礼宾部询问吗?,"我想提前把行李箱托付给酒店,去礼宾馆拜托就行了?"
440,11.88,호텔 어메니티 중에 샴푸를 아베다를 쓰는 호텔이 어디가 있을까?,"酒店便利设施中,哪家酒店用Aveda洗发水呢?","在《amenity酒店》中,哪个酒店使用爱唯达洗发水?"
441,33.60,너 이번에 베트남 여행했다며. 베트남 사파에서 하이킹도 해봤어?,听说你这次去了越南。您曾经去过越南沙巴徒步旅行吗?,"你这次去越南旅行了,在越南萨帕也做过徒步旅行吗?"
442,30.62,슬랙에서 사용할 신문 기사를 스크랩하고 싶어. 하나만 추천해 줄 수 있을까?,我想抓取报纸文章以便在 Slack 中使用。你能推荐一个吗?,我想剪贴在slack上使用的新闻报道。能给我推荐一个吗?
443,27.77,호치민 가려면 너도 아마 탄손누트 공항으로 가게 될걸?,"如果您要去胡志明市,您可能会去新山一机场,对吗?","如果想去胡志明市,你也会去坦桑努特机场吗?"
444,27.19,퍼플렉시티라는 에이아이가 나온 걸로 알고 있는데 이걸 검색 엔진에 활용할 수 있을까?,"我知道有一种叫做 Perplexity 的人工智能,它可以用于搜索引擎吗?","我知道出现了名为""Perflex City""的AI,这能用在搜索引擎吗?"
445,36.08,그 회사는 정말 프로의식이 없어. 전부 다 아마추어만도 못한 사람들이야.,那家公司真没有专业意识。 都是些连业余爱好者都不如的。,那家公司真的没有职业意识。 都是业余人士。
446,12.37,"잘 되어가고 있긴 한데, 음 미안한데 물감을 좀 빌려도 될까?","一切进展顺利,但是,呃,抱歉,我可以借一些油漆吗?","好像发展得很好,对不起,可以借一点颜料吗?"
447,14.32,초보자부터 숙련자까지 모두 즐길 수 있는 다양한 산행 코스가 있어요.,"这里有各种类型的徒步旅行路线,无论初学者还是专家都可以享受其中的乐趣。",有从初学者到熟练者都可以享受的多种登山路线。
448,18.96,"에이아이야, 스타벅스 프리퀀시 열개 모으면 뭐 주는지 알아?","嘿,人工智能,你知道如果你收集十个星巴克频率你会得到什么吗?","是A.I,你知道收集10个星巴克序列会赠送什么?"
449,27.16,신혼여행으로 발리에 갔을 때 다니기 좋은 관광 명소에 대해서 알려줘.,请问一下去巴厘岛度蜜月有哪些好玩的旅游景点?,告诉我新婚旅行去巴厘岛时适合去的旅游景点。
450,19.70,대만은 여행 다녀오면 기념품으로 펑리수 밖에 사 올 게 없나?,"去台湾旅游,除了凤梨酥就没有什么可以买的伴手礼吗?","从台湾旅行回来后,除了彭利苏以外,还有什么可买的吗?"
451,14.97,말레이시아 여행 때 먹었던 사테라는 꼬치구이가 가장 기억에 많이 남는다.,"这次马来西亚之行吃得最多、记忆最深刻的,就是沙爹串。","在马来西亚旅行时吃过的萨特拉,尾巴印象最深刻。"
452,8.36,요즘 유행하는 밈을 가르쳐줄래? 너무 뒤떨어지고 있는 것 같아서 그래.,你能教我一些现在流行的表情包吗?那是因为我觉得我落后太多了。,能教一下最近流行的妆容吗?感觉太落后了。
453,28.09,너는 투잡에 대해서 어떻게 생각해? 유명한 엔잡러에 대해서 소개해줘.,您对副业有何看法?跟我讲讲一位著名的 enjabber。,你对两份工作有何看法?给我介绍一下著名的Enjober。
454,9.48,일본에서 료칸 여행 좀 하려고 하는데 괜찮은 료칸 좀 추천해주라.,我正在考虑去日本的日式旅馆旅行。您能推荐一些不错的日式旅馆吗?,"我想在日本旅行,给我推荐一个不错的料间吧。"
455,27.50,사이공 거리 걸으면서 맥주 한 잔 하면은 그날 여행 피로 다 풀려.,"漫步在西贡的街道上,喝上一杯啤酒,可以洗去一天旅行的疲惫。","走在西贡街头,喝一杯啤酒的话,当天旅行的疲劳都会缓解。"
456,25.09,메타버스와 에이아이의 결합이 이루어진다면 기대해볼 수 있는 효과는 뭘까?,"如果元宇宙和人工智能结合在一起,我们可以期待什么效果?","如果元宇宙和AI的结合,期待的效果会是什么?"
457,23.90,이번 프로젝트에서 디벨롭이 필요할 것 같은데 내일 미팅해보는 거 어때요?,我认为这个项目需要一些开发。明天见面怎么样?,"这个项目好像需要Develop,明天开会怎么样?"
458,43.32,걔는 내 친구긴 하지만 너무 투머치 토커야. 그렇지 않아?,"他是我的朋友,但他话太多了。不是吗?","她虽然是我的朋友,但是太过分了,不是吗?"
459,34.67,다음 주에 미팅이 있는데 내가 지금 미팅 디벨롭을 하려면 어떻게 해야 좋을까?,"我下周有一个会议,我现在该如何开展会议?","下周有会议,我现在要开会议,该怎么办呢?"
460,15.84,"이걸 디폴트로 해서 입력해줬으면 하는데, 도와줄 수 있으실까요?","我想将其作为默认值输入,您能帮助我吗?","希望这个默认输入,能帮帮我吗?"
461,51.65,베트남의 다른 도시들은 여행을 해봤는데 호치민은 아직 못 가봤어.,"我去过越南的其他城市,但是还没有去过胡志明市。","越南的其他城市都去过旅行,但胡志明还没有去过。"
462,12.15,이젤의 주요 종류로는 표준 이젤과 드로잉 이젤이 있어요.,画架主要有标准画架和绘画画架。,凝胶的主要种类有标准凝胶和绘制凝胶。
463,56.82,시카고에 있는 호텔 중에 일박에 백불 넘지 않은 곳들로만 좀 알려줘.,告诉我芝加哥的酒店中一晚不超过一百美元的地方。,告诉我芝加哥酒店中一晚没有超过一百佛的地方。
464,47.46,중국에서는 사업을 할 때 꽌시가 가장 중요하다는데 꽌시가 도대체 뭐야?,"都说在中国做生意最重要的是关系,但关系到底是什么呢?","在中国做生意的时候,联系是最重要的,联系到底是什么?"
465,16.66,중국 여행 갔을 때 치파오 입고 사진 찍어보지 못한 게 좀 아쉬워.,我很后悔去中国旅游时没有拍一张穿着旗袍的照片。,"去中国旅行的时候穿了芝宝,没有拍过照片,有点可惜。"
466,50.54,베트남에 있는 호치민 탄손누트 공항은 시설이 어때? 깔끔하니?,越南胡志明市新山一机场的设施怎么样?整洁吗?,越南胡志明坦桑努特机场的设施怎么样?干净利落吗?
467,39.37,산행 경험이 많이 없으시다면 비교적 쉬운 코스로 시작하시는 것이 좋죠.,"如果您没有太多的徒步旅行经验,最好从相对简单的路线开始。","如果没有太多登山经验,最好以比较容易的路线开始。"
468,77.95,내 엠비티아이는 아이에스티피인데 이 엠비티아이의 특징을 알려줘.,我的 MBTI 是 IST。请告诉我这个MBTI的特征。,"我的MBTI是ISTP,告诉我这个MBTI的特征吧。"
469,23.22,오늘 법블레스유라는 말을 들었는데 그게 도대체 무슨 말이야? 알려줘.,"今天听到了“祝福你”这个词,但它到底是什么意思呢?让我知道。","今天听说了法布莱斯尤,那到底是什么意思?"
470,43.91,이번 휴가 때 타이베이로 여행 갈 건데 갈만한 야시장 추천 좀 해줄래?,这个假期我要去台北。你能推荐一些值得去的夜市吗?,"这次休假我要去台北旅行,能推荐一下值得一去的夜市吗?"
471,33.09,챗지피티의 문제점이 할루시네이션이라는데 그게 무슨 뜻인지 알아?,ChatGP 的问题称为幻觉。你知道那是什么意思吗?,"聊天软件的问题叫哈鲁康乃馨,你知道这是什么意思吗?"
472,24.85,이번 회의는 웨비나로 할 건데 그러면 스크린샷을 좀 전송해 줘야 하지 않을까?,"这次会议将以网络研讨会的形式举行,因此是否有必要发送一些截图?","这次会议打算用网络研讨会进行,那么是不是应该传送一些屏幕照呢?"
473,18.22,저번에 여행 갔다가 환전을 못 하고 온 건데 이거 위안화 동전이다?,"上次我出去旅行,回来后却无法兑换货币。这些是人民币吗?","上次去旅行的时候没能换钱,这是人民币硬币吗?"
474,31.88,그럼 우리 이 나라 수도인 하노이 또 여행해볼까? 재밌을 것 같아.,"那么,我们再去我国首都河内旅游好吗?我认为这会很有趣。",那么我们又去这个国家的首都河内旅行吧?感觉会很有趣。
475,14.27,"야, 그거 알아? 청두 여행을 가면 판다를 꼭 보고 와야 된대.","嘿,你知道吗?如果你去成都,你一定要看熊猫。","喂,知道了那个吗? 听说去成都旅行的时候一定要看Panda了。"
476,44.13,겨울에 후쿠오카로 여행을 갈 예정인데 나베로 유명한 식당 찾아봐 줘.,"我计划冬天去福冈旅行,所以请找一家以火锅闻名的餐厅。","我打算冬天去福冈旅行,帮我找一下以蝴蝶闻名的餐厅吧。"
477,69.97,일러스트와 그래픽아트라는 걸 수업시간에 배웠는데 두 개념의 차이가 뭔지 궁금해.,"我在课堂上学习了插图和图形艺术,但我很好奇这两个概念之间的区别。","我在课堂上学习了插图和图形艺术,很好奇这两个概念的差异是什么。"
478,16.66,너 요즘 엠지 용어 좀 알아? 줄임말이나 티엠아이 이런 거?,您现在知道一些 MG 术语吗?缩写或类似 TMI 的东西?,你最近知道MS的用语吗?缩略语或者TMI这样的吗?
479,18.80,중국 여행 갔다가 동전이 남아 버렸네. 이게 다 몇 위안인겨?,"我去中国旅行了一次,最后剩下了一些硬币。这总共多少钱人民币?","去中国旅行的时候,硬币还剩下了。 这都是几元吗?"
480,13.62,사파에 가면 카약 투어가 유명하대. 한번 꼭 해보는 거 어때?,"如果您去沙巴,皮划艇之旅很有名。为什么不至少尝试一次呢?","听说去沙发的话,皮艇旅行很有名。 一定要试一试怎么样?"
481,4.66,중국 관광지 중에 와이탄이 손꼽힐 정도이면 한 번쯤 가봐야 되지 않을까?,"如果外滩被认为是中国最热门的旅游目的地之一,您难道不应该至少去参观一次吗?","在中国旅游景点中,如果Wi-Tan屈指可数,应该去一次吧?"
482,39.93,피엔지는 그 사진 파일 그거고 피이지는 뭐야? 처음 들어봤어.,PNG是照片文件 PG是什么? 第一次听说。,"P&G是那张照片文件,P.G是什么?我第一次听说过。"
483,44.27,엠비티아이 아이에스티피랑 이엔에프피의 특성과 그 궁합 좀 알려줘.,请告诉我 MBTI IST 和 ENF 的特点和兼容性。,告诉我MBT I STP和ENFP的特性与其相配。
484,59.32,하노이에서 묵었던 호텔 정말 최악이었어. 시설이 너무 이상하지 않았어?,在河内住过的酒店真的很糟糕。这些设施是不是有点奇怪?,在河内住过的酒店真的很糟糕。设施不是很奇怪吗?
485,61.03,혹시 플레이리스트 추천해 주실 수 있으세요? 저는 어쿠스틱 음악을 참 좋아해요.,您能推荐一个播放列表吗?我真的很喜欢原声音乐。,能推荐一下播放列表吗? 我非常喜欢原声音乐。
486,29.79,유럽의 어떤 나라에서 오로라가 관측되는지 알려줄 수 있어? 겨울에 여행하고 싶거든.,你能告诉我在欧洲哪些国家可以看到极光吗?如果你想在冬天旅行。,能告诉我欧洲哪个国家观测到极光吗? 冬天想去旅行。
487,43.43,베트남의 항구 도시로 유명했던 다낭은 내가 오 년 전에 여행 갔었어.,"岘港是越南著名的港口城市,我五年前去过那里。","以越南港口城市而闻名的岘港,我五年前去过旅行。"
488,17.30,이번에 일본 여행 갈 거거든? 숙소로는 일본 전통 료칸이 좋겠어.,"这次你要去日本旅游吗?对于住宿,我想住在传统的日式旅馆。",这次要去日本旅行吧? 宿舍里喜欢日本传统酱饼。
489,18.45,저 지금 투잡 뛰고 있는데 이러다가 엔잡러 되는 거 아닌지 모르겠어요.,"我目前同时做两份工作,我不确定我是否会成为一名兼职人员。","我现在正在做两份工作,不知道这样下去会不会变成N个杂乱子。"
490,13.76,챗 지피티 포오와 챗 지피티 오원의 차이점은 어떻게 돼?,Chat GPT PoE 和 Chat GPT One 有什么区别?,聊天ZPTPOO和聊天GPTOWON的差异怎么样?
491,45.59,오키나와 여행 갔는데 거기는 렌트카가 없으면 아무 데도 못 가겠더라.,"我去冲绳旅行了,但是如果没有租车的话我哪儿也去不了。","我去冲绳旅行,那里没有租车的话,什么都去不了。"
492,25.54,베트남 여행했는데 베트남에는 까이랑 수상시장이 있거든. 되게 독특하게 생겼더라.,"我去过越南,那里有一个 Cai Rang 水上市场。它看上去非常独特。","我去越南旅行了,越南有凯伊和水上市场。长得非常独特。"
493,40.59,너 일본 삿포로에 살지? 내가 여행 갈 건데 가이드 좀 부탁해도 될까?,您住在日本札幌吗?我要去旅行。我可以向你请教一下导游吗?,"你要住在日本的札浦路吗? 我要去旅行,可以拜托你做导游吗?"
494,19.66,"에이아이 챗봇아, 어메니티로 샴푸 조말론 거 나오는 호텔 알려줘.","AI 聊天机器人,请告诉我有关提供 Jo Malone 洗发水作为便利设施的酒店的信息。","A.I聊天机器人啊,告诉我欧美尼提有洗发水的酒店吧。"
495,12.62,요즘 연말이라고 블랙프라이데이 세일하네. 나도 패딩 하나 새로 살까?,"最近,他们正在进行黑色星期五大促销,因为快到年底了。我是否也应该购买新的衬垫?","最近年末,黑色星期五打折啊。 我也要买个新的羽绒服吗?"
496,31.53,엠지란 말은 도대체 어디서 온 말이야? 어떤 말의 줄임말인 거야?,MG这个词到底从何而来?它是哪个单词的缩写?,MG这个词到底是从哪里来的? 是什么话的缩略语?
497,20.05,친구랑 휴가 가려고 하는데 무이네에서 할 수 있는 가장 재밌는 게 뭐야?,我正在计划与朋友一起度假。在美奈最好玩的事情是什么?,"想和朋友一起休假,在穆伊家能做的最有意思的是什么?"
498,20.11,인스파이어 리조트랑 파라다이스 시티 중 호캉스로 더 좋은 곳은 어디야?,Inspire Resort 和 Paradise City 哪个更适合度假?,"在Inspire度假村和天堂城市中,酒店度假更好的地方是哪里?"
499,31.31,이번에 홋카이도로 여행을 가는데 이제 겨울이잖아. 그래서 나베 요리를 먹으려고.,"这次要去北海道旅行,但是现在已经是冬天了。所以我决定吃火锅。","这次去北海道旅行,现在不是冬天嘛。 所以想吃蝴蝶料理。"
